1557399770.511:138785,C6C4BD14-2903-5426-9FB9-9F18FB488ACB:b'/bin/sh /etc/xdg/xfce4/xinitrc -- /etc/X11/xinit/xserverrc':1003,CLONE,CB433FB6-1DE6-5100-8034-B7C17CC5C137,b'xscreensaver -no-splash':1003,ta1-theia-1
1557399770.454:138758,C6C4BD14-2903-5426-9FB9-9F18FB488ACB:b'/bin/sh /etc/xdg/xfce4/xinitrc -- /etc/X11/xinit/xserverrc':1003,CLONE,7AB91A91-FA72-5ED3-BE21-3A5F09C3E0E9,b'xscreensaver -no-splash':1003,ta1-theia-1
1557399356.122:163822,F351D55C-D2D7-5955-A9CC-1AD5491D643A:b'firefox':1003,READ,0100D00F-0B00-5800-0000-0000678E005A,/etc/hosts:0,ta1-theia-1
1557399356.122:163821,F351D55C-D2D7-5955-A9CC-1AD5491D643A:b'firefox':1003,READ,0100D00F-0B00-5800-0000-0000678E005A,/etc/hosts:0,ta1-theia-1
1557399336.042:9,F351D55C-D2D7-5955-A9CC-1AD5491D643A:b'firefox':1003,READ,0100D00F-0B00-5800-0000-0000678E005A,/etc/hosts:0,ta1-theia-1
1557399336.042:8,F351D55C-D2D7-5955-A9CC-1AD5491D643A:b'firefox':1003,READ,0100D00F-0B00-5800-0000-0000678E005A,/etc/hosts:0,ta1-theia-1
1557399336.034:191064,E4EBCBF9-DFFC-52AA-A3E0-9DC9557D2B97:null:null,CLONE,F351D55C-D2D7-5955-A9CC-1AD5491D643A,b'firefox':1003,ta1-theia-1
1557399170.390:138360,C6C4BD14-2903-5426-9FB9-9F18FB488ACB:b'/bin/sh /etc/xdg/xfce4/xinitrc -- /etc/X11/xinit/xserverrc':1003,CLONE,473D5EE2-778D-5344-8E5D-880CC91449F5,b'xscreensaver -no-splash':1003,ta1-theia-1
1557399170.378:138335,C6C4BD14-2903-5426-9FB9-9F18FB488ACB:b'/bin/sh /etc/xdg/xfce4/xinitrc -- /etc/X11/xinit/xserverrc':1003,CLONE,2480D0B9-5589-528E-8F3A-6905FB8EA1CA,b'xscreensaver -no-splash':1003,ta1-theia-1
1557399170.367:138326,C6C4BD14-2903-5426-9FB9-9F18FB488ACB:b'/bin/sh /etc/xdg/xfce4/xinitrc -- /etc/X11/xinit/xserverrc':1003,CLONE,2F4D35D8-D54D-533C-8EA8-82892D4E4BA5,b'xscreensaver -no-splash':1003,ta1-theia-1
1557398791.124:12,EB09360B-51D3-595D-AFD7-D25BC0634BE8:b'/usr/lib/ubuntu-geoip/ubuntu-geoip-provider':107,READ,0100D00F-0B00-5800-0000-0000678E005A,/etc/hosts:0,ta1-theia-1
1557398791.124:11,EB09360B-51D3-595D-AFD7-D25BC0634BE8:b'/usr/lib/ubuntu-geoip/ubuntu-geoip-provider':107,READ,0100D00F-0B00-5800-0000-0000678E005A,/etc/hosts:0,ta1-theia-1
1557398570.348:137889,C6C4BD14-2903-5426-9FB9-9F18FB488ACB:b'/bin/sh /etc/xdg/xfce4/xinitrc -- /etc/X11/xinit/xserverrc':1003,CLONE,DEC88A14-113B-591C-91AF-A88F9B137C4D,b'xscreensaver -no-splash':1003,ta1-theia-1
1557398570.346:137864,C6C4BD14-2903-5426-9FB9-9F18FB488ACB:b'/bin/sh /etc/xdg/xfce4/xinitrc -- /etc/X11/xinit/xserverrc':1003,CLONE,D54F5BAC-BBDE-50B4-A730-F5AD5C6F4471,b'xscreensaver -no-splash':1003,ta1-theia-1
1557398570.338:137855,C6C4BD14-2903-5426-9FB9-9F18FB488ACB:b'/bin/sh /etc/xdg/xfce4/xinitrc -- /etc/X11/xinit/xserverrc':1003,CLONE,333795B1-A452-533E-9B13-BEE06357DC67,b'xscreensaver -no-splash':1003,ta1-theia-1
1557397970.285:137772,C6C4BD14-2903-5426-9FB9-9F18FB488ACB:b'/bin/sh /etc/xdg/xfce4/xinitrc -- /etc/X11/xinit/xserverrc':1003,CLONE,0F06180B-0F38-5D4C-917C-E65EB2589341,b'xscreensaver -no-splash':1003,ta1-theia-1
1557397970.220:137745,C6C4BD14-2903-5426-9FB9-9F18FB488ACB:b'/bin/sh /etc/xdg/xfce4/xinitrc -- /etc/X11/xinit/xserverrc':1003,CLONE,9C34210A-7293-522C-9F9E-E566941648D7,b'xscreensaver -no-splash':1003,ta1-theia-1
1557397856.397:163858,041A16C4-1481-5785-9BDA-C298EE53A6AD:b'firefox':1003,READ,0100D00F-0B00-5800-0000-0000678E005A,/etc/hosts:0,ta1-theia-1
1557397856.397:163857,041A16C4-1481-5785-9BDA-C298EE53A6AD:b'firefox':1003,READ,0100D00F-0B00-5800-0000-0000678E005A,/etc/hosts:0,ta1-theia-1
1557397836.034:9,041A16C4-1481-5785-9BDA-C298EE53A6AD:b'firefox':1003,READ,0100D00F-0B00-5800-0000-0000678E005A,/etc/hosts:0,ta1-theia-1
1557397836.034:8,041A16C4-1481-5785-9BDA-C298EE53A6AD:b'firefox':1003,READ,0100D00F-0B00-5800-0000-0000678E005A,/etc/hosts:0,ta1-theia-1
1557397836.012:187934,E4EBCBF9-DFFC-52AA-A3E0-9DC9557D2B97:null:null,CLONE,041A16C4-1481-5785-9BDA-C298EE53A6AD,b'firefox':1003,ta1-theia-1
1557397598.469:111,E55115F6-410A-521C-BC98-90A4C8173B6C:b'dhclient3 -e IF_METRIC=100 -pf /var/run/dhclient.eth0.pid -lf /var/lib/dhcp/dhclient.eth0.leases -1 eth0':0,CLONE,BB5BFEF7-CF83-5058-ADA0-1CBC0E83270D,b'/bin/bash /sbin/dhclient-script':0,ta1-theia-1
1557397598.463:2,6525FC20-1039-58AD-924B-BADD9DDF7612:b'/bin/sh /sbin/resolvconf -a eth0.dhclient':0,CLONE,5C8E542D-6C23-5275-9C10-9E81496B6145,b'/bin/sh /sbin/resolvconf -a eth0.dhclient':0,ta1-theia-1
1557397598.463:1,6525FC20-1039-58AD-924B-BADD9DDF7612:b'/bin/sh /sbin/resolvconf -a eth0.dhclient':0,CLONE,54A2407F-9256-5E98-ABFF-6864A9354893,b'/bin/sh /sbin/resolvconf -a eth0.dhclient':0,ta1-theia-1
1557397598.463:61,E796F4C4-DFA1-5AB9-9D5F-52D341202EE3:b'/bin/bash /sbin/dhclient-script':0,CLONE,6525FC20-1039-58AD-924B-BADD9DDF7612,b'/bin/sh /sbin/resolvconf -a eth0.dhclient':0,ta1-theia-1
1557397598.458:108,E55115F6-410A-521C-BC98-90A4C8173B6C:b'dhclient3 -e IF_METRIC=100 -pf /var/run/dhclient.eth0.pid -lf /var/lib/dhcp/dhclient.eth0.leases -1 eth0':0,CLONE,E796F4C4-DFA1-5AB9-9D5F-52D341202EE3,b'/bin/bash /sbin/dhclient-script':0,ta1-theia-1
1557397598.458:107,E55115F6-410A-521C-BC98-90A4C8173B6C:b'dhclient3 -e IF_METRIC=100 -pf /var/run/dhclient.eth0.pid -lf /var/lib/dhcp/dhclient.eth0.leases -1 eth0':0,CLONE,E000A02E-6F19-5E4D-B92D-40FBE1552BE5,b'/bin/bash /sbin/dhclient-script':0,ta1-theia-1
1557397598.453:104,E55115F6-410A-521C-BC98-90A4C8173B6C:b'dhclient3 -e IF_METRIC=100 -pf /var/run/dhclient.eth0.pid -lf /var/lib/dhcp/dhclient.eth0.leases -1 eth0':0,CLONE,666E4E1E-BF3C-50ED-BB6F-3D78900CF62C,b'/bin/bash /sbin/dhclient-script':0,ta1-theia-1
1557397598.448:91,E55115F6-410A-521C-BC98-90A4C8173B6C:b'dhclient3 -e IF_METRIC=100 -pf /var/run/dhclient.eth0.pid -lf /var/lib/dhcp/dhclient.eth0.leases -1 eth0':0,CLONE,BD6C2E21-58BA-56F8-A627-D14912CE3924,b'/bin/bash /sbin/dhclient-script':0,ta1-theia-1
1557397598.443:85,E55115F6-410A-521C-BC98-90A4C8173B6C:b'dhclient3 -e IF_METRIC=100 -pf /var/run/dhclient.eth0.pid -lf /var/lib/dhcp/dhclient.eth0.leases -1 eth0':0,CLONE,A9293150-E7E2-507A-907A-E8008B237C7A,b'/bin/bash /sbin/dhclient-script':0,ta1-theia-1
1557397598.425:52,B0EBF68C-8292-5F6A-B6D2-F504F770B8D8:b'':,CLONE,E55115F6-410A-521C-BC98-90A4C8173B6C,b'dhclient3 -e IF_METRIC=100 -pf /var/run/dhclient.eth0.pid -lf /var/lib/dhcp/dhclient.eth0.leases -1 eth0':0,ta1-theia-1
1557397501.281:239,8DC2CB6A-C6D1-5728-8EA3-BB7BE1A9A70D:b'cron':0,CLONE,D08AD401-6F80-5F43-AC76-899877A1D323,b'CRON':0,ta1-theia-1
1557397501.251:47,DBF7B7D4-0413-5087-BA33-9402BCF19E49:b'':,CLONE,8DC2CB6A-C6D1-5728-8EA3-BB7BE1A9A70D,b'cron':0,ta1-theia-1
1557397370.193:137313,C6C4BD14-2903-5426-9FB9-9F18FB488ACB:b'/bin/sh /etc/xdg/xfce4/xinitrc -- /etc/X11/xinit/xserverrc':1003,CLONE,97D6AC77-1650-5DAC-B327-ECB283C86F45,b'xscreensaver -no-splash':1003,ta1-theia-1
1557397370.129:137288,C6C4BD14-2903-5426-9FB9-9F18FB488ACB:b'/bin/sh /etc/xdg/xfce4/xinitrc -- /etc/X11/xinit/xserverrc':1003,CLONE,4199D694-7083-58A0-896E-56D3D25C8073,b'xscreensaver -no-splash':1003,ta1-theia-1
1557397370.070:137279,C6C4BD14-2903-5426-9FB9-9F18FB488ACB:b'/bin/sh /etc/xdg/xfce4/xinitrc -- /etc/X11/xinit/xserverrc':1003,CLONE,ECE3B4E3-74D9-50F9-8FDB-EFE1AA23AD39,b'xscreensaver -no-splash':1003,ta1-theia-1
1557397021.242:30,EFB2C0A7-76B2-55C0-B90B-BD7444167467:b'CRON':0,CLONE,D53AA085-18B3-5833-AD9C-CA9AEF6C0505,b'/bin/sh -c    cd / && run-parts --report /etc/cron.hourly':0,ta1-theia-1
1557397021.239:239,60493F2D-3F0F-5AF5-B519-A4EDE6D320F4:b'cron':0,CLONE,EFB2C0A7-76B2-55C0-B90B-BD7444167467,b'CRON':0,ta1-theia-1
1557397021.200:46,DBF7B7D4-0413-5087-BA33-9402BCF19E49:b'':,CLONE,60493F2D-3F0F-5AF5-B519-A4EDE6D320F4,b'cron':0,ta1-theia-1
1557396769.936:136883,C6C4BD14-2903-5426-9FB9-9F18FB488ACB:b'/bin/sh /etc/xdg/xfce4/xinitrc -- /etc/X11/xinit/xserverrc':1003,CLONE,D989D283-E038-5EDC-B441-5D861D4E04D7,b'xscreensaver -no-splash':1003,ta1-theia-1
1557396769.913:136858,C6C4BD14-2903-5426-9FB9-9F18FB488ACB:b'/bin/sh /etc/xdg/xfce4/xinitrc -- /etc/X11/xinit/xserverrc':1003,CLONE,058CCDED-5CB4-5D74-9306-227B8D84034A,b'xscreensaver -no-splash':1003,ta1-theia-1
1557396769.906:136849,C6C4BD14-2903-5426-9FB9-9F18FB488ACB:b'/bin/sh /etc/xdg/xfce4/xinitrc -- /etc/X11/xinit/xserverrc':1003,CLONE,75596195-1706-58DB-97D9-3C37EDAABCF0,b'xscreensaver -no-splash':1003,ta1-theia-1
1557396356.134:174513,2B2B94C5-E9DE-5F8C-BD89-BBB0DC7F5A9B:b'firefox':1003,READ,0100D00F-0B00-5800-0000-0000678E005A,/etc/hosts:0,ta1-theia-1
1557396356.134:174512,2B2B94C5-E9DE-5F8C-BD89-BBB0DC7F5A9B:b'firefox':1003,READ,0100D00F-0B00-5800-0000-0000678E005A,/etc/hosts:0,ta1-theia-1
1557396336.006:9,2B2B94C5-E9DE-5F8C-BD89-BBB0DC7F5A9B:b'firefox':1003,READ,0100D00F-0B00-5800-0000-0000678E005A,/etc/hosts:0,ta1-theia-1
1557396336.006:8,2B2B94C5-E9DE-5F8C-BD89-BBB0DC7F5A9B:b'firefox':1003,READ,0100D00F-0B00-5800-0000-0000678E005A,/etc/hosts:0,ta1-theia-1
1557396336.001:184781,E4EBCBF9-DFFC-52AA-A3E0-9DC9557D2B97:null:null,CLONE,2B2B94C5-E9DE-5F8C-BD89-BBB0DC7F5A9B,b'firefox':1003,ta1-theia-1
1557396169.888:136407,C6C4BD14-2903-5426-9FB9-9F18FB488ACB:b'/bin/sh /etc/xdg/xfce4/xinitrc -- /etc/X11/xinit/xserverrc':1003,CLONE,C03CCA5D-B0D1-5920-A61B-B5789C4333FD,b'xscreensaver -no-splash':1003,ta1-theia-1
1557396169.876:136382,C6C4BD14-2903-5426-9FB9-9F18FB488ACB:b'/bin/sh /etc/xdg/xfce4/xinitrc -- /etc/X11/xinit/xserverrc':1003,CLONE,35F05701-24BA-5279-9721-1F310F58EF0D,b'xscreensaver -no-splash':1003,ta1-theia-1
1557396169.867:136373,C6C4BD14-2903-5426-9FB9-9F18FB488ACB:b'/bin/sh /etc/xdg/xfce4/xinitrc -- /etc/X11/xinit/xserverrc':1003,CLONE,B2B2E773-A10E-56FB-BC78-0CE4BB31E418,b'xscreensaver -no-splash':1003,ta1-theia-1
1557395569.819:136290,C6C4BD14-2903-5426-9FB9-9F18FB488ACB:b'/bin/sh /etc/xdg/xfce4/xinitrc -- /etc/X11/xinit/xserverrc':1003,CLONE,A4A0969C-3F26-5315-AD7F-C5FE31EA09B4,b'xscreensaver -no-splash':1003,ta1-theia-1
1557395569.803:136263,C6C4BD14-2903-5426-9FB9-9F18FB488ACB:b'/bin/sh /etc/xdg/xfce4/xinitrc -- /etc/X11/xinit/xserverrc':1003,CLONE,C4A7513E-4B9D-5F9A-94B3-B598545338D6,b'xscreensaver -no-splash':1003,ta1-theia-1
1557395183.123:12,75F478D1-6468-54F2-9F44-7E7081D291A1:b'/usr/lib/ubuntu-geoip/ubuntu-geoip-provider':107,READ,0100D00F-0B00-5800-0000-0000678E005A,/etc/hosts:0,ta1-theia-1
1557395183.123:11,75F478D1-6468-54F2-9F44-7E7081D291A1:b'/usr/lib/ubuntu-geoip/ubuntu-geoip-provider':107,READ,0100D00F-0B00-5800-0000-0000678E005A,/etc/hosts:0,ta1-theia-1
1557394969.737:136175,C6C4BD14-2903-5426-9FB9-9F18FB488ACB:b'/bin/sh /etc/xdg/xfce4/xinitrc -- /etc/X11/xinit/xserverrc':1003,CLONE,C622B79E-F99B-5EAE-B7E5-44D20122F7DE,b'xscreensaver -no-splash':1003,ta1-theia-1
1557394969.725:136148,C6C4BD14-2903-5426-9FB9-9F18FB488ACB:b'/bin/sh /etc/xdg/xfce4/xinitrc -- /etc/X11/xinit/xserverrc':1003,CLONE,16535D59-668E-5B17-8F0E-6CA916C65D71,b'xscreensaver -no-splash':1003,ta1-theia-1
1557394856.003:123670,6352CCE4-5336-506B-9D8E-849813DE5FA2:b'firefox':1003,READ,0100D00F-0B00-5800-0000-0000678E005A,/etc/hosts:0,ta1-theia-1
1557394856.003:123669,6352CCE4-5336-506B-9D8E-849813DE5FA2:b'firefox':1003,READ,0100D00F-0B00-5800-0000-0000678E005A,/etc/hosts:0,ta1-theia-1
1557394836.000:9,6352CCE4-5336-506B-9D8E-849813DE5FA2:b'firefox':1003,READ,0100D00F-0B00-5800-0000-0000678E005A,/etc/hosts:0,ta1-theia-1
1557394836.000:8,6352CCE4-5336-506B-9D8E-849813DE5FA2:b'firefox':1003,READ,0100D00F-0B00-5800-0000-0000678E005A,/etc/hosts:0,ta1-theia-1
1557394835.990:181658,E4EBCBF9-DFFC-52AA-A3E0-9DC9557D2B97:null:null,CLONE,6352CCE4-5336-506B-9D8E-849813DE5FA2,b'firefox':1003,ta1-theia-1
1557394369.673:135752,C6C4BD14-2903-5426-9FB9-9F18FB488ACB:b'/bin/sh /etc/xdg/xfce4/xinitrc -- /etc/X11/xinit/xserverrc':1003,CLONE,861B8FB3-5354-5DBA-B6DA-C095BF947776,b'xscreensaver -no-splash':1003,ta1-theia-1
1557394369.561:135727,C6C4BD14-2903-5426-9FB9-9F18FB488ACB:b'/bin/sh /etc/xdg/xfce4/xinitrc -- /etc/X11/xinit/xserverrc':1003,CLONE,ACBD65DF-7187-5C5A-94E9-F8C64B9DE246,b'xscreensaver -no-splash':1003,ta1-theia-1
1557394369.441:135718,C6C4BD14-2903-5426-9FB9-9F18FB488ACB:b'/bin/sh /etc/xdg/xfce4/xinitrc -- /etc/X11/xinit/xserverrc':1003,CLONE,5EA4C1A3-459D-5C81-A8E3-E1ED672FE912,b'xscreensaver -no-splash':1003,ta1-theia-1
1557393769.417:135287,C6C4BD14-2903-5426-9FB9-9F18FB488ACB:b'/bin/sh /etc/xdg/xfce4/xinitrc -- /etc/X11/xinit/xserverrc':1003,CLONE,B5D14592-BBB6-54F9-894A-CBCEA2D0D5E8,b'xscreensaver -no-splash':1003,ta1-theia-1
1557393769.301:135262,C6C4BD14-2903-5426-9FB9-9F18FB488ACB:b'/bin/sh /etc/xdg/xfce4/xinitrc -- /etc/X11/xinit/xserverrc':1003,CLONE,6DEEF2EB-EB70-5C4B-98DE-635B1225687A,b'xscreensaver -no-splash':1003,ta1-theia-1
1557393769.288:135253,C6C4BD14-2903-5426-9FB9-9F18FB488ACB:b'/bin/sh /etc/xdg/xfce4/xinitrc -- /etc/X11/xinit/xserverrc':1003,CLONE,051177C0-3A8D-56E7-B50E-5836C5986869,b'xscreensaver -no-splash':1003,ta1-theia-1
1557393421.182:30,9E41E50F-82B7-5D99-BF61-F18D9CDF2EAF:b'CRON':0,CLONE,26F3CC57-1CC3-575A-8963-3A028F4894FF,b'/bin/sh -c    cd / && run-parts --report /etc/cron.hourly':0,ta1-theia-1
1557393421.177:239,BD765769-821A-53E2-9550-F518E7D52415:b'cron':0,CLONE,9E41E50F-82B7-5D99-BF61-F18D9CDF2EAF,b'CRON':0,ta1-theia-1
1557393421.150:45,DBF7B7D4-0413-5087-BA33-9402BCF19E49:b'':,CLONE,BD765769-821A-53E2-9550-F518E7D52415,b'cron':0,ta1-theia-1
1557393355.993:164648,AEBEDDBA-6E18-5E16-8FF1-5A4C8EE54A4F:b'firefox':1003,READ,0100D00F-0B00-5800-0000-0000678E005A,/etc/hosts:0,ta1-theia-1
1557393355.993:164647,AEBEDDBA-6E18-5E16-8FF1-5A4C8EE54A4F:b'firefox':1003,READ,0100D00F-0B00-5800-0000-0000678E005A,/etc/hosts:0,ta1-theia-1
1557393335.989:9,AEBEDDBA-6E18-5E16-8FF1-5A4C8EE54A4F:b'firefox':1003,READ,0100D00F-0B00-5800-0000-0000678E005A,/etc/hosts:0,ta1-theia-1
1557393335.989:8,AEBEDDBA-6E18-5E16-8FF1-5A4C8EE54A4F:b'firefox':1003,READ,0100D00F-0B00-5800-0000-0000678E005A,/etc/hosts:0,ta1-theia-1
1557393335.982:178537,E4EBCBF9-DFFC-52AA-A3E0-9DC9557D2B97:null:null,CLONE,AEBEDDBA-6E18-5E16-8FF1-5A4C8EE54A4F,b'firefox':1003,ta1-theia-1
1557393169.240:134857,C6C4BD14-2903-5426-9FB9-9F18FB488ACB:b'/bin/sh /etc/xdg/xfce4/xinitrc -- /etc/X11/xinit/xserverrc':1003,CLONE,1C3692E2-78E5-5AB3-94A4-0F645A2D7079,b'xscreensaver -no-splash':1003,ta1-theia-1
1557393169.112:134832,C6C4BD14-2903-5426-9FB9-9F18FB488ACB:b'/bin/sh /etc/xdg/xfce4/xinitrc -- /etc/X11/xinit/xserverrc':1003,CLONE,4CA1A30F-C431-518B-9010-91DFF328A6E3,b'xscreensaver -no-splash':1003,ta1-theia-1
1557393169.103:134823,C6C4BD14-2903-5426-9FB9-9F18FB488ACB:b'/bin/sh /etc/xdg/xfce4/xinitrc -- /etc/X11/xinit/xserverrc':1003,CLONE,F7CC04D7-1763-5515-8C55-B23599BC2BEA,b'xscreensaver -no-splash':1003,ta1-theia-1
1557392569.086:134392,C6C4BD14-2903-5426-9FB9-9F18FB488ACB:b'/bin/sh /etc/xdg/xfce4/xinitrc -- /etc/X11/xinit/xserverrc':1003,CLONE,A1C81BC4-BC67-56D5-B0CD-050D3E9DAC77,b'xscreensaver -no-splash':1003,ta1-theia-1
1557392569.064:134367,C6C4BD14-2903-5426-9FB9-9F18FB488ACB:b'/bin/sh /etc/xdg/xfce4/xinitrc -- /etc/X11/xinit/xserverrc':1003,CLONE,B8CF3DB1-71E1-5581-B153-B14A7EE1398F,b'xscreensaver -no-splash':1003,ta1-theia-1
1557392569.052:134358,C6C4BD14-2903-5426-9FB9-9F18FB488ACB:b'/bin/sh /etc/xdg/xfce4/xinitrc -- /etc/X11/xinit/xserverrc':1003,CLONE,5694EFEE-76E8-54D7-8E53-268D595C0420,b'xscreensaver -no-splash':1003,ta1-theia-1
1557391968.378:134281,C6C4BD14-2903-5426-9FB9-9F18FB488ACB:b'/bin/sh /etc/xdg/xfce4/xinitrc -- /etc/X11/xinit/xserverrc':1003,CLONE,F9F8B36B-E9A1-5BD3-8550-06CC682FFB45,b'xscreensaver -no-splash':1003,ta1-theia-1
1557391968.368:134254,C6C4BD14-2903-5426-9FB9-9F18FB488ACB:b'/bin/sh /etc/xdg/xfce4/xinitrc -- /etc/X11/xinit/xserverrc':1003,CLONE,FFE3F1B7-07B6-587A-8B43-99F4D39B5804,b'xscreensaver -no-splash':1003,ta1-theia-1
1557391855.995:150767,D3B1C229-6BEE-57C7-8E79-101EF71C6784:b'firefox':1003,READ,0100D00F-0B00-5800-0000-0000678E005A,/etc/hosts:0,ta1-theia-1
1557391855.995:150766,D3B1C229-6BEE-57C7-8E79-101EF71C6784:b'firefox':1003,READ,0100D00F-0B00-5800-0000-0000678E005A,/etc/hosts:0,ta1-theia-1
1557391835.993:9,D3B1C229-6BEE-57C7-8E79-101EF71C6784:b'firefox':1003,READ,0100D00F-0B00-5800-0000-0000678E005A,/etc/hosts:0,ta1-theia-1
1557391835.993:8,D3B1C229-6BEE-57C7-8E79-101EF71C6784:b'firefox':1003,READ,0100D00F-0B00-5800-0000-0000678E005A,/etc/hosts:0,ta1-theia-1
1557391835.945:175408,E4EBCBF9-DFFC-52AA-A3E0-9DC9557D2B97:null:null,CLONE,D3B1C229-6BEE-57C7-8E79-101EF71C6784,b'firefox':1003,ta1-theia-1
1557391576.125:12,3C82F204-FDB2-593D-B0DA-FC1BCC68B639:b'/usr/lib/ubuntu-geoip/ubuntu-geoip-provider':107,READ,0100D00F-0B00-5800-0000-0000678E005A,/etc/hosts:0,ta1-theia-1
1557391576.125:11,3C82F204-FDB2-593D-B0DA-FC1BCC68B639:b'/usr/lib/ubuntu-geoip/ubuntu-geoip-provider':107,READ,0100D00F-0B00-5800-0000-0000678E005A,/etc/hosts:0,ta1-theia-1
1557391368.353:133822,C6C4BD14-2903-5426-9FB9-9F18FB488ACB:b'/bin/sh /etc/xdg/xfce4/xinitrc -- /etc/X11/xinit/xserverrc':1003,CLONE,39BA7BA4-0D6C-57D3-A02C-81F8CFC6C246,b'xscreensaver -no-splash':1003,ta1-theia-1
1557391368.339:133787,C6C4BD14-2903-5426-9FB9-9F18FB488ACB:b'/bin/sh /etc/xdg/xfce4/xinitrc -- /etc/X11/xinit/xserverrc':1003,CLONE,03E2A664-A482-5B59-A545-1221AA4EC836,b'xscreensaver -no-splash':1003,ta1-theia-1
1557391368.331:133778,C6C4BD14-2903-5426-9FB9-9F18FB488ACB:b'/bin/sh /etc/xdg/xfce4/xinitrc -- /etc/X11/xinit/xserverrc':1003,CLONE,A8107A00-33CD-53BA-B084-6A72E0C58B1B,b'xscreensaver -no-splash':1003,ta1-theia-1
1557390768.287:133695,C6C4BD14-2903-5426-9FB9-9F18FB488ACB:b'/bin/sh /etc/xdg/xfce4/xinitrc -- /etc/X11/xinit/xserverrc':1003,CLONE,637E02AE-4CF6-5DDB-B4A3-9CFF4F423F84,b'xscreensaver -no-splash':1003,ta1-theia-1
1557390768.267:133668,C6C4BD14-2903-5426-9FB9-9F18FB488ACB:b'/bin/sh /etc/xdg/xfce4/xinitrc -- /etc/X11/xinit/xserverrc':1003,CLONE,AE5BCA00-E35E-5181-8EFD-526FF5928E69,b'xscreensaver -no-splash':1003,ta1-theia-1
1557390355.979:169614,8EB00CE2-D403-51A7-A3A3-26844136EABA:b'firefox':1003,READ,0100D00F-0B00-5800-0000-0000678E005A,/etc/hosts:0,ta1-theia-1
1557390355.979:169613,8EB00CE2-D403-51A7-A3A3-26844136EABA:b'firefox':1003,READ,0100D00F-0B00-5800-0000-0000678E005A,/etc/hosts:0,ta1-theia-1
1557390335.941:9,8EB00CE2-D403-51A7-A3A3-26844136EABA:b'firefox':1003,READ,0100D00F-0B00-5800-0000-0000678E005A,/etc/hosts:0,ta1-theia-1
1557390335.941:8,8EB00CE2-D403-51A7-A3A3-26844136EABA:b'firefox':1003,READ,0100D00F-0B00-5800-0000-0000678E005A,/etc/hosts:0,ta1-theia-1
1557390335.938:172267,E4EBCBF9-DFFC-52AA-A3E0-9DC9557D2B97:null:null,CLONE,8EB00CE2-D403-51A7-A3A3-26844136EABA,b'firefox':1003,ta1-theia-1
1557390252.783:111,2201AE4D-2C85-54D2-8384-C63A36B894B4:b'dhclient3 -e IF_METRIC=100 -pf /var/run/dhclient.eth1.pid -lf /var/lib/dhcp/dhclient.eth1.leases -1 eth1':0,CLONE,740E2E98-49A6-5799-A18C-858065269C91,b'/bin/bash /sbin/dhclient-script':0,ta1-theia-1
1557390252.775:2,18D9B622-262C-55F7-A19D-5BC283F3084E:b'/bin/sh /sbin/resolvconf -a eth1.dhclient':0,CLONE,40D59E03-2FE7-5AF2-AE1C-4367D6079A2E,b'/bin/sh /sbin/resolvconf -a eth1.dhclient':0,ta1-theia-1
1557390252.775:1,18D9B622-262C-55F7-A19D-5BC283F3084E:b'/bin/sh /sbin/resolvconf -a eth1.dhclient':0,CLONE,8A20AB0E-B47E-50FB-A9A4-9B167331E609,b'/bin/sh /sbin/resolvconf -a eth1.dhclient':0,ta1-theia-1
1557390252.774:65,31C0CE41-329B-5CAE-B940-277FE0529B95:b'/bin/bash /sbin/dhclient-script':0,CLONE,18D9B622-262C-55F7-A19D-5BC283F3084E,b'/bin/sh /sbin/resolvconf -a eth1.dhclient':0,ta1-theia-1
1557390252.772:0,293D30FF-5CD1-544A-A279-1C59EC028B1F:b'/bin/sh /sbin/resolvconf -a eth1.dhclient':0,EXECUTE,0100D00F-9E00-3200-0000-0000B790005A,/bin/cat:0,ta1-theia-1
1557390252.771:61,31C0CE41-329B-5CAE-B940-277FE0529B95:b'/bin/bash /sbin/dhclient-script':0,CLONE,293D30FF-5CD1-544A-A279-1C59EC028B1F,b'/bin/sh /sbin/resolvconf -a eth1.dhclient':0,ta1-theia-1
1557390252.766:108,2201AE4D-2C85-54D2-8384-C63A36B894B4:b'dhclient3 -e IF_METRIC=100 -pf /var/run/dhclient.eth1.pid -lf /var/lib/dhcp/dhclient.eth1.leases -1 eth1':0,CLONE,31C0CE41-329B-5CAE-B940-277FE0529B95,b'/bin/bash /sbin/dhclient-script':0,ta1-theia-1
1557390252.766:107,2201AE4D-2C85-54D2-8384-C63A36B894B4:b'dhclient3 -e IF_METRIC=100 -pf /var/run/dhclient.eth1.pid -lf /var/lib/dhcp/dhclient.eth1.leases -1 eth1':0,CLONE,70016F5F-F481-5E0C-B150-555F5B1DBF4D,b'/bin/bash /sbin/dhclient-script':0,ta1-theia-1
1557390252.757:104,2201AE4D-2C85-54D2-8384-C63A36B894B4:b'dhclient3 -e IF_METRIC=100 -pf /var/run/dhclient.eth1.pid -lf /var/lib/dhcp/dhclient.eth1.leases -1 eth1':0,CLONE,62146855-B96C-5807-A537-08F5B98D913C,b'/bin/bash /sbin/dhclient-script':0,ta1-theia-1
1557390252.750:91,2201AE4D-2C85-54D2-8384-C63A36B894B4:b'dhclient3 -e IF_METRIC=100 -pf /var/run/dhclient.eth1.pid -lf /var/lib/dhcp/dhclient.eth1.leases -1 eth1':0,CLONE,7D83ABAB-6C70-5406-9B91-34432E3D182F,b'/bin/bash /sbin/dhclient-script':0,ta1-theia-1
1557390252.742:85,2201AE4D-2C85-54D2-8384-C63A36B894B4:b'dhclient3 -e IF_METRIC=100 -pf /var/run/dhclient.eth1.pid -lf /var/lib/dhcp/dhclient.eth1.leases -1 eth1':0,CLONE,D90048BD-0606-51FF-9585-EDB627EC1750,b'/bin/bash /sbin/dhclient-script':0,ta1-theia-1
1557390252.718:68,FD674441-E2A2-5DE1-B7BD-0554E89E83DB:null:null,CLONE,2201AE4D-2C85-54D2-8384-C63A36B894B4,b'dhclient3 -e IF_METRIC=100 -pf /var/run/dhclient.eth1.pid -lf /var/lib/dhcp/dhclient.eth1.leases -1 eth1':0,ta1-theia-1
1557390168.254:133226,C6C4BD14-2903-5426-9FB9-9F18FB488ACB:b'/bin/sh /etc/xdg/xfce4/xinitrc -- /etc/X11/xinit/xserverrc':1003,CLONE,D416AEB4-90F6-5F40-8A9F-8D26CF38694C,b'xscreensaver -no-splash':1003,ta1-theia-1
1557390168.252:133201,C6C4BD14-2903-5426-9FB9-9F18FB488ACB:b'/bin/sh /etc/xdg/xfce4/xinitrc -- /etc/X11/xinit/xserverrc':1003,CLONE,A64926A5-AD37-5F6A-8C3E-A06FF6BF1D8F,b'xscreensaver -no-splash':1003,ta1-theia-1
1557390168.247:133192,C6C4BD14-2903-5426-9FB9-9F18FB488ACB:b'/bin/sh /etc/xdg/xfce4/xinitrc -- /etc/X11/xinit/xserverrc':1003,CLONE,BE6E4255-EBE1-5748-83D3-E118A37CED4F,b'xscreensaver -no-splash':1003,ta1-theia-1
1557389821.137:30,4E30773C-F9B7-5F0F-9742-2B325932A551:b'CRON':0,CLONE,A404867B-EEB2-547A-8EE2-4AA0BFC3E408,b'/bin/sh -c    cd / && run-parts --report /etc/cron.hourly':0,ta1-theia-1
1557389821.135:239,C50C542B-82B8-526A-BF51-5EB2ACBD6C52:b'cron':0,CLONE,4E30773C-F9B7-5F0F-9742-2B325932A551,b'CRON':0,ta1-theia-1
1557389821.086:44,DBF7B7D4-0413-5087-BA33-9402BCF19E49:b'':,CLONE,C50C542B-82B8-526A-BF51-5EB2ACBD6C52,b'cron':0,ta1-theia-1
1557389568.202:133115,C6C4BD14-2903-5426-9FB9-9F18FB488ACB:b'/bin/sh /etc/xdg/xfce4/xinitrc -- /etc/X11/xinit/xserverrc':1003,CLONE,C6EAFE49-19FC-5175-9A03-AD7FAB5A5C2B,b'xscreensaver -no-splash':1003,ta1-theia-1
1557389568.188:133088,C6C4BD14-2903-5426-9FB9-9F18FB488ACB:b'/bin/sh /etc/xdg/xfce4/xinitrc -- /etc/X11/xinit/xserverrc':1003,CLONE,9CB06E42-1697-5B0A-B7EE-B51638F781B5,b'xscreensaver -no-splash':1003,ta1-theia-1
1557388968.173:132657,C6C4BD14-2903-5426-9FB9-9F18FB488ACB:b'/bin/sh /etc/xdg/xfce4/xinitrc -- /etc/X11/xinit/xserverrc':1003,CLONE,953D169C-8E8D-5A27-A44F-9EF44CC98615,b'xscreensaver -no-splash':1003,ta1-theia-1
1557388968.159:132632,C6C4BD14-2903-5426-9FB9-9F18FB488ACB:b'/bin/sh /etc/xdg/xfce4/xinitrc -- /etc/X11/xinit/xserverrc':1003,CLONE,09B359F0-2C8A-54F6-9D42-1B5EB4D143C0,b'xscreensaver -no-splash':1003,ta1-theia-1
1557388968.150:132623,C6C4BD14-2903-5426-9FB9-9F18FB488ACB:b'/bin/sh /etc/xdg/xfce4/xinitrc -- /etc/X11/xinit/xserverrc':1003,CLONE,8EFBA867-BD2E-5889-9C1B-D9FC8D3CF150,b'xscreensaver -no-splash':1003,ta1-theia-1
1557388855.992:147513,0AB5CA8B-BE0B-52FF-9037-1E602536D82D:b'firefox':1003,READ,0100D00F-0B00-5800-0000-0000678E005A,/etc/hosts:0,ta1-theia-1
1557388855.992:147512,0AB5CA8B-BE0B-52FF-9037-1E602536D82D:b'firefox':1003,READ,0100D00F-0B00-5800-0000-0000678E005A,/etc/hosts:0,ta1-theia-1
1557388835.938:9,0AB5CA8B-BE0B-52FF-9037-1E602536D82D:b'firefox':1003,READ,0100D00F-0B00-5800-0000-0000678E005A,/etc/hosts:0,ta1-theia-1
1557388835.938:8,0AB5CA8B-BE0B-52FF-9037-1E602536D82D:b'firefox':1003,READ,0100D00F-0B00-5800-0000-0000678E005A,/etc/hosts:0,ta1-theia-1
1557388835.932:169157,E4EBCBF9-DFFC-52AA-A3E0-9DC9557D2B97:null:null,CLONE,0AB5CA8B-BE0B-52FF-9037-1E602536D82D,b'firefox':1003,ta1-theia-1
1557388368.108:132227,C6C4BD14-2903-5426-9FB9-9F18FB488ACB:b'/bin/sh /etc/xdg/xfce4/xinitrc -- /etc/X11/xinit/xserverrc':1003,CLONE,C5109078-5D94-579C-ACCC-C5FBD7733881,b'xscreensaver -no-splash':1003,ta1-theia-1
1557388368.095:132202,C6C4BD14-2903-5426-9FB9-9F18FB488ACB:b'/bin/sh /etc/xdg/xfce4/xinitrc -- /etc/X11/xinit/xserverrc':1003,CLONE,31588CBF-EC47-52E8-AF1F-78869AFE6E82,b'xscreensaver -no-splash':1003,ta1-theia-1
1557388368.091:132193,C6C4BD14-2903-5426-9FB9-9F18FB488ACB:b'/bin/sh /etc/xdg/xfce4/xinitrc -- /etc/X11/xinit/xserverrc':1003,CLONE,8B598715-78FD-598F-9704-D05C879034D6,b'xscreensaver -no-splash':1003,ta1-theia-1
1557387968.125:12,F61C17BF-8E59-5F43-BC79-D90BFDBD44E9:b'/usr/lib/ubuntu-geoip/ubuntu-geoip-provider':107,READ,0100D00F-0B00-5800-0000-0000678E005A,/etc/hosts:0,ta1-theia-1
1557387968.125:11,F61C17BF-8E59-5F43-BC79-D90BFDBD44E9:b'/usr/lib/ubuntu-geoip/ubuntu-geoip-provider':107,READ,0100D00F-0B00-5800-0000-0000678E005A,/etc/hosts:0,ta1-theia-1
1557387767.546:132111,C6C4BD14-2903-5426-9FB9-9F18FB488ACB:b'/bin/sh /etc/xdg/xfce4/xinitrc -- /etc/X11/xinit/xserverrc':1003,CLONE,DAACE9DC-85A3-5821-90B6-1FC9C82F54C0,b'xscreensaver -no-splash':1003,ta1-theia-1
1557387767.476:132084,C6C4BD14-2903-5426-9FB9-9F18FB488ACB:b'/bin/sh /etc/xdg/xfce4/xinitrc -- /etc/X11/xinit/xserverrc':1003,CLONE,B5F40C45-4ABE-56BD-B44F-78FF2C45B265,b'xscreensaver -no-splash':1003,ta1-theia-1
1557387356.033:186917,5AAB14A4-78B1-5B02-AB12-5FA628F588BB:b'firefox':1003,READ,0100D00F-0B00-5800-0000-0000678E005A,/etc/hosts:0,ta1-theia-1
1557387356.033:186916,5AAB14A4-78B1-5B02-AB12-5FA628F588BB:b'firefox':1003,READ,0100D00F-0B00-5800-0000-0000678E005A,/etc/hosts:0,ta1-theia-1
1557387335.928:9,5AAB14A4-78B1-5B02-AB12-5FA628F588BB:b'firefox':1003,READ,0100D00F-0B00-5800-0000-0000678E005A,/etc/hosts:0,ta1-theia-1
1557387335.928:8,5AAB14A4-78B1-5B02-AB12-5FA628F588BB:b'firefox':1003,READ,0100D00F-0B00-5800-0000-0000678E005A,/etc/hosts:0,ta1-theia-1
1557387335.891:166037,E4EBCBF9-DFFC-52AA-A3E0-9DC9557D2B97:null:null,CLONE,5AAB14A4-78B1-5B02-AB12-5FA628F588BB,b'firefox':1003,ta1-theia-1
1557387167.429:131688,C6C4BD14-2903-5426-9FB9-9F18FB488ACB:b'/bin/sh /etc/xdg/xfce4/xinitrc -- /etc/X11/xinit/xserverrc':1003,CLONE,E1B3CD8E-23CC-5FF7-B1E9-9031C2D30081,b'xscreensaver -no-splash':1003,ta1-theia-1
1557387167.351:131663,C6C4BD14-2903-5426-9FB9-9F18FB488ACB:b'/bin/sh /etc/xdg/xfce4/xinitrc -- /etc/X11/xinit/xserverrc':1003,CLONE,7580A222-730B-5580-BCE1-5BF9A3CF97B6,b'xscreensaver -no-splash':1003,ta1-theia-1
1557387167.292:131654,C6C4BD14-2903-5426-9FB9-9F18FB488ACB:b'/bin/sh /etc/xdg/xfce4/xinitrc -- /etc/X11/xinit/xserverrc':1003,CLONE,209AD509-753E-59D2-AD78-4703F0565630,b'xscreensaver -no-splash':1003,ta1-theia-1
1557386567.155:131223,C6C4BD14-2903-5426-9FB9-9F18FB488ACB:b'/bin/sh /etc/xdg/xfce4/xinitrc -- /etc/X11/xinit/xserverrc':1003,CLONE,DC391752-218A-5CDD-A379-DD1B062E87B7,b'xscreensaver -no-splash':1003,ta1-theia-1
1557386567.097:131198,C6C4BD14-2903-5426-9FB9-9F18FB488ACB:b'/bin/sh /etc/xdg/xfce4/xinitrc -- /etc/X11/xinit/xserverrc':1003,CLONE,F1978A15-953E-56A7-A5B8-1FFCC52D43E3,b'xscreensaver -no-splash':1003,ta1-theia-1
1557386567.087:131189,C6C4BD14-2903-5426-9FB9-9F18FB488ACB:b'/bin/sh /etc/xdg/xfce4/xinitrc -- /etc/X11/xinit/xserverrc':1003,CLONE,6F3DF606-EDB5-5D87-9472-BB35E8F97A52,b'xscreensaver -no-splash':1003,ta1-theia-1
1557386221.062:30,BD7CF062-5281-595A-B14E-48092FA21937:b'CRON':0,CLONE,EB163FB5-1C83-593E-9E6A-C2B8A13386F1,b'/bin/sh -c    cd / && run-parts --report /etc/cron.hourly':0,ta1-theia-1
1557386221.058:239,3B684439-3C3D-5C24-93B2-1F5EF7F83D7F:b'cron':0,CLONE,BD7CF062-5281-595A-B14E-48092FA21937,b'CRON':0,ta1-theia-1
1557386221.018:43,DBF7B7D4-0413-5087-BA33-9402BCF19E49:b'':,CLONE,3B684439-3C3D-5C24-93B2-1F5EF7F83D7F,b'cron':0,ta1-theia-1
1557385967.041:130793,C6C4BD14-2903-5426-9FB9-9F18FB488ACB:b'/bin/sh /etc/xdg/xfce4/xinitrc -- /etc/X11/xinit/xserverrc':1003,CLONE,876CA439-7003-53F2-A22E-6FC905C3597D,b'xscreensaver -no-splash':1003,ta1-theia-1
1557385967.037:130768,C6C4BD14-2903-5426-9FB9-9F18FB488ACB:b'/bin/sh /etc/xdg/xfce4/xinitrc -- /etc/X11/xinit/xserverrc':1003,CLONE,07BAFACC-D861-50AC-9F5F-D4ED11AC6624,b'xscreensaver -no-splash':1003,ta1-theia-1
1557385967.033:130759,C6C4BD14-2903-5426-9FB9-9F18FB488ACB:b'/bin/sh /etc/xdg/xfce4/xinitrc -- /etc/X11/xinit/xserverrc':1003,CLONE,FA9D4250-2970-5BA3-951F-E4393F697202,b'xscreensaver -no-splash':1003,ta1-theia-1
1557385855.901:161972,B386CAD8-118E-5172-95A6-D0172808218E:b'firefox':1003,READ,0100D00F-0B00-5800-0000-0000678E005A,/etc/hosts:0,ta1-theia-1
1557385855.901:161971,B386CAD8-118E-5172-95A6-D0172808218E:b'firefox':1003,READ,0100D00F-0B00-5800-0000-0000678E005A,/etc/hosts:0,ta1-theia-1
1557385835.894:9,B386CAD8-118E-5172-95A6-D0172808218E:b'firefox':1003,READ,0100D00F-0B00-5800-0000-0000678E005A,/etc/hosts:0,ta1-theia-1
1557385835.894:8,B386CAD8-118E-5172-95A6-D0172808218E:b'firefox':1003,READ,0100D00F-0B00-5800-0000-0000678E005A,/etc/hosts:0,ta1-theia-1
1557385835.878:162935,E4EBCBF9-DFFC-52AA-A3E0-9DC9557D2B97:null:null,CLONE,B386CAD8-118E-5172-95A6-D0172808218E,b'firefox':1003,ta1-theia-1
1557385367.023:130671,C6C4BD14-2903-5426-9FB9-9F18FB488ACB:b'/bin/sh /etc/xdg/xfce4/xinitrc -- /etc/X11/xinit/xserverrc':1003,CLONE,80492277-7306-59B8-81B7-511D36B9CB8A,b'xscreensaver -no-splash':1003,ta1-theia-1
1557385367.001:130644,C6C4BD14-2903-5426-9FB9-9F18FB488ACB:b'/bin/sh /etc/xdg/xfce4/xinitrc -- /etc/X11/xinit/xserverrc':1003,CLONE,BF7C683B-089C-5EAF-9E45-466387558BDB,b'xscreensaver -no-splash':1003,ta1-theia-1
1557384766.426:130561,C6C4BD14-2903-5426-9FB9-9F18FB488ACB:b'/bin/sh /etc/xdg/xfce4/xinitrc -- /etc/X11/xinit/xserverrc':1003,CLONE,AB567354-B9CB-55F1-B11C-CB082BE1A052,b'xscreensaver -no-splash':1003,ta1-theia-1
1557384766.362:130534,C6C4BD14-2903-5426-9FB9-9F18FB488ACB:b'/bin/sh /etc/xdg/xfce4/xinitrc -- /etc/X11/xinit/xserverrc':1003,CLONE,A2AF791A-3338-534F-AA56-2AE610BCF218,b'xscreensaver -no-splash':1003,ta1-theia-1
1557384360.120:12,997FDBCE-4385-5E35-B852-44960C18E47E:b'/usr/lib/ubuntu-geoip/ubuntu-geoip-provider':107,READ,0100D00F-0B00-5800-0000-0000678E005A,/etc/hosts:0,ta1-theia-1
1557384360.120:11,997FDBCE-4385-5E35-B852-44960C18E47E:b'/usr/lib/ubuntu-geoip/ubuntu-geoip-provider':107,READ,0100D00F-0B00-5800-0000-0000678E005A,/etc/hosts:0,ta1-theia-1
1557384356.426:163858,CDA85E35-AAA6-5E07-A5EC-1DEEA6EB60C8:b'firefox':1003,READ,0100D00F-0B00-5800-0000-0000678E005A,/etc/hosts:0,ta1-theia-1
1557384356.426:163857,CDA85E35-AAA6-5E07-A5EC-1DEEA6EB60C8:b'firefox':1003,READ,0100D00F-0B00-5800-0000-0000678E005A,/etc/hosts:0,ta1-theia-1
1557384335.878:9,CDA85E35-AAA6-5E07-A5EC-1DEEA6EB60C8:b'firefox':1003,READ,0100D00F-0B00-5800-0000-0000678E005A,/etc/hosts:0,ta1-theia-1
1557384335.878:8,CDA85E35-AAA6-5E07-A5EC-1DEEA6EB60C8:b'firefox':1003,READ,0100D00F-0B00-5800-0000-0000678E005A,/etc/hosts:0,ta1-theia-1
1557384335.869:159808,E4EBCBF9-DFFC-52AA-A3E0-9DC9557D2B97:null:null,CLONE,CDA85E35-AAA6-5E07-A5EC-1DEEA6EB60C8,b'firefox':1003,ta1-theia-1
1557384166.266:130101,C6C4BD14-2903-5426-9FB9-9F18FB488ACB:b'/bin/sh /etc/xdg/xfce4/xinitrc -- /etc/X11/xinit/xserverrc':1003,CLONE,9C7E8EB4-DE92-5671-9C95-4C23126F1E28,b'xscreensaver -no-splash':1003,ta1-theia-1
1557384166.255:130076,C6C4BD14-2903-5426-9FB9-9F18FB488ACB:b'/bin/sh /etc/xdg/xfce4/xinitrc -- /etc/X11/xinit/xserverrc':1003,CLONE,F83EBE49-6B62-5F42-98E7-B33CE2F8DEB8,b'xscreensaver -no-splash':1003,ta1-theia-1
1557384166.248:130067,C6C4BD14-2903-5426-9FB9-9F18FB488ACB:b'/bin/sh /etc/xdg/xfce4/xinitrc -- /etc/X11/xinit/xserverrc':1003,CLONE,7AEBAB5F-2F6E-5776-AB7E-73F60D9297D2,b'xscreensaver -no-splash':1003,ta1-theia-1
1557383566.209:129671,C6C4BD14-2903-5426-9FB9-9F18FB488ACB:b'/bin/sh /etc/xdg/xfce4/xinitrc -- /etc/X11/xinit/xserverrc':1003,CLONE,54BBFEF6-4256-5097-A390-8E4C4443F9FD,b'xscreensaver -no-splash':1003,ta1-theia-1
1557383566.169:129646,C6C4BD14-2903-5426-9FB9-9F18FB488ACB:b'/bin/sh /etc/xdg/xfce4/xinitrc -- /etc/X11/xinit/xserverrc':1003,CLONE,71D62FD1-6185-5397-A6FC-86859482750D,b'xscreensaver -no-splash':1003,ta1-theia-1
1557383566.161:129637,C6C4BD14-2903-5426-9FB9-9F18FB488ACB:b'/bin/sh /etc/xdg/xfce4/xinitrc -- /etc/X11/xinit/xserverrc':1003,CLONE,3CCCD7B5-F7DC-543E-974D-6161754BF4CA,b'xscreensaver -no-splash':1003,ta1-theia-1
1557382966.152:129195,C6C4BD14-2903-5426-9FB9-9F18FB488ACB:b'/bin/sh /etc/xdg/xfce4/xinitrc -- /etc/X11/xinit/xserverrc':1003,CLONE,874A6ACF-43CD-51C4-ABD0-F7E11EFFEB5F,b'xscreensaver -no-splash':1003,ta1-theia-1
1557382966.139:129170,C6C4BD14-2903-5426-9FB9-9F18FB488ACB:b'/bin/sh /etc/xdg/xfce4/xinitrc -- /etc/X11/xinit/xserverrc':1003,CLONE,C79AA281-9843-5999-957E-669B90F37701,b'xscreensaver -no-splash':1003,ta1-theia-1
1557382966.130:129161,C6C4BD14-2903-5426-9FB9-9F18FB488ACB:b'/bin/sh /etc/xdg/xfce4/xinitrc -- /etc/X11/xinit/xserverrc':1003,CLONE,F9507AB9-CB39-5C4E-8A3F-FE4E9B98F41B,b'xscreensaver -no-splash':1003,ta1-theia-1
1557382855.994:120513,DD071CAA-C729-5771-8729-D5C8D9A7E4A0:b'firefox':1003,READ,0100D00F-0B00-5800-0000-0000678E005A,/etc/hosts:0,ta1-theia-1
1557382855.994:120512,DD071CAA-C729-5771-8729-D5C8D9A7E4A0:b'firefox':1003,READ,0100D00F-0B00-5800-0000-0000678E005A,/etc/hosts:0,ta1-theia-1
1557382835.871:9,DD071CAA-C729-5771-8729-D5C8D9A7E4A0:b'firefox':1003,READ,0100D00F-0B00-5800-0000-0000678E005A,/etc/hosts:0,ta1-theia-1
1557382835.871:8,DD071CAA-C729-5771-8729-D5C8D9A7E4A0:b'firefox':1003,READ,0100D00F-0B00-5800-0000-0000678E005A,/etc/hosts:0,ta1-theia-1
1557382835.859:156582,E4EBCBF9-DFFC-52AA-A3E0-9DC9557D2B97:null:null,CLONE,DD071CAA-C729-5771-8729-D5C8D9A7E4A0,b'firefox':1003,ta1-theia-1
