1557909392.458:1546771311,5468C8B6-5680-117C-AD44-127BF0806348:sshd,MMAP,B529BC2D-2FF5-75E0-B578-6BB967A2D7E2,/etc/passwd,null
1557909392.458:1546771210,593A3FC7-2E2F-F25B-51DB-F2CEF894ECE6:sshd,CHANGE_PRINCIPAL,5468C8B6-5680-117C-AD44-127BF0806348,sshd,null
1557909392.458:1546771209,593A3FC7-2E2F-F25B-51DB-F2CEF894ECE6:sshd,CHANGE_PRINCIPAL,593A3FC7-2E2F-F25B-51DB-F2CEF894ECE6,sshd,null
1557909392.458:1546771208,5468C8B6-5680-117C-AD44-127BF0806348:sshd,CHANGE_PRINCIPAL,593A3FC7-2E2F-F25B-51DB-F2CEF894ECE6,sshd,null
1557909392.434:1546771117,5DA99CCC-DD92-CE6D-A5AE-1A4A29948A58:scp,MMAP,B529BC2D-2FF5-75E0-B578-6BB967A2D7E2,/etc/passwd,null
1557909392.434:1546771053,B6F40B5B-8197-D2CD-7732-1D687947F0CA:bash,EXECUTE,5DA99CCC-DD92-CE6D-A5AE-1A4A29948A58,b'scp -r -t ./work/',null
1557909392.434:1546771006,16C637DD-9964-E018-BD11-3EC80F408141:sshd,EXECUTE,B6F40B5B-8197-D2CD-7732-1D687947F0CA,bash,null
1557909392.434:1546770973,803023C1-5A81-9D5C-FAD6-287AC0F1C6A0:sshd,FORK,16C637DD-9964-E018-BD11-3EC80F408141,sshd,null
1557909392.430:1546770963,E9CA6D88-2E78-B387-7D5B-E3DA477C7828:sshd,CHANGE_PRINCIPAL,803023C1-5A81-9D5C-FAD6-287AC0F1C6A0,sshd,null
1557909392.430:1546770941,D774A703-9DEF-BC56-4B57-F95220C3158C:sshd,CHANGE_PRINCIPAL,E9CA6D88-2E78-B387-7D5B-E3DA477C7828,sshd,null
1557909392.430:1546770938,5468C8B6-5680-117C-AD44-127BF0806348:sshd,FORK,D774A703-9DEF-BC56-4B57-F95220C3158C,sshd,null
1557909392.430:1546770929,5468C8B6-5680-117C-AD44-127BF0806348:sshd,MMAP,B529BC2D-2FF5-75E0-B578-6BB967A2D7E2,/etc/passwd,null
1557909392.430:1546770893,5468C8B6-5680-117C-AD44-127BF0806348:sshd,MMAP,B529BC2D-2FF5-75E0-B578-6BB967A2D7E2,/etc/passwd,null
1557909392.430:1546770890,5468C8B6-5680-117C-AD44-127BF0806348:sshd,MMAP,B529BC2D-2FF5-75E0-B578-6BB967A2D7E2,/etc/passwd,null
1557909392.430:1546770887,5468C8B6-5680-117C-AD44-127BF0806348:sshd,MMAP,B529BC2D-2FF5-75E0-B578-6BB967A2D7E2,/etc/passwd,null
1557909392.378:1546768735,0772D61A-F71F-C049-CF07-58E635FBF8E7:lsb_release,MMAP,B529BC2D-2FF5-75E0-B578-6BB967A2D7E2,/etc/passwd,null
1557909392.366:1546768465,F53C2A83-8C51-3BB4-15FE-783D3D1DE3B1:91-release-upgr,EXECUTE,0772D61A-F71F-C049-CF07-58E635FBF8E7,lsb_release,null
1557909392.366:1546768456,D04878C2-7E16-83F0-8335-549954237712:91-release-upgr,FORK,F53C2A83-8C51-3BB4-15FE-783D3D1DE3B1,91-release-upgr,null
1557909392.366:1546768449,2342932E-30B7-B3CC-DD0F-236C2BB162E6:91-release-upgr,FORK,D04878C2-7E16-83F0-8335-549954237712,91-release-upgr,null
1557909392.366:1546768427,60FD36E7-4B53-15D1-2F94-C5DC16BD31C0:run-parts,EXECUTE,2342932E-30B7-B3CC-DD0F-236C2BB162E6,91-release-upgr,null
1557909392.366:1546768426,987FE02A-5929-564A-56FC-0DAD71DF20A6:run-parts,FORK,60FD36E7-4B53-15D1-2F94-C5DC16BD31C0,run-parts,null
1557909392.202:1546760146,D5BE0625-AAF7-CBDC-2587-7A540D263432:landscape-sysin,MMAP,B529BC2D-2FF5-75E0-B578-6BB967A2D7E2,/etc/passwd,null
1557909392.194:1546759704,B08DDC7C-FCED-D2D8-0A52-6D40CC4A5700:50-landscape-sy,EXECUTE,D5BE0625-AAF7-CBDC-2587-7A540D263432,landscape-sysin,null
1557909392.194:1546759701,EEE90F68-A8AF-2BFE-68CD-42C66F43AB82:50-landscape-sy,FORK,B08DDC7C-FCED-D2D8-0A52-6D40CC4A5700,50-landscape-sy,null
1557909392.190:1546759422,C2AB059C-E8DE-1760-344A-9D35437D9E27:run-parts,EXECUTE,EEE90F68-A8AF-2BFE-68CD-42C66F43AB82,50-landscape-sy,null
1557909392.190:1546759421,987FE02A-5929-564A-56FC-0DAD71DF20A6:run-parts,FORK,C2AB059C-E8DE-1760-344A-9D35437D9E27,run-parts,null
1557909392.182:1546759083,ADD54F7C-5739-94FA-4809-82A5693901E9:env,EXECUTE,987FE02A-5929-564A-56FC-0DAD71DF20A6,run-parts,null
1557909392.182:1546759042,62BA04BA-EDCA-7A57-AD13-70754A188FD0:sh,EXECUTE,ADD54F7C-5739-94FA-4809-82A5693901E9,env,null
1557909392.182:1546759013,3FEE413D-A4C0-54DC-7CD6-F816EFDAC50D:sh,FORK,62BA04BA-EDCA-7A57-AD13-70754A188FD0,sh,null
1557909392.182:1546758947,DAEA3F14-F390-09FB-25E2-5A55951CAF69:sshd,EXECUTE,3FEE413D-A4C0-54DC-7CD6-F816EFDAC50D,sh,null
1557909392.182:1546758927,5468C8B6-5680-117C-AD44-127BF0806348:sshd,FORK,DAEA3F14-F390-09FB-25E2-5A55951CAF69,sshd,null
1557909392.182:1546758899,5468C8B6-5680-117C-AD44-127BF0806348:sshd,MMAP,B529BC2D-2FF5-75E0-B578-6BB967A2D7E2,/etc/passwd,null
1557909392.162:1546758749,5468C8B6-5680-117C-AD44-127BF0806348:sshd,MMAP,B529BC2D-2FF5-75E0-B578-6BB967A2D7E2,/etc/passwd,null
1557909392.158:1546758698,5468C8B6-5680-117C-AD44-127BF0806348:sshd,MMAP,B529BC2D-2FF5-75E0-B578-6BB967A2D7E2,/etc/passwd,null
1557909392.158:1546758686,DAE4A99E-EF34-E205-B5C7-13CCA1140A0D:sshd,CHANGE_PRINCIPAL,5468C8B6-5680-117C-AD44-127BF0806348,sshd,null
1557909392.158:1546758685,C5C81F42-CEE1-AB78-3FDD-856E24457C79:sshd,CHANGE_PRINCIPAL,DAE4A99E-EF34-E205-B5C7-13CCA1140A0D,sshd,null
1557909392.158:1546758684,DAE4A99E-EF34-E205-B5C7-13CCA1140A0D:sshd,CHANGE_PRINCIPAL,C5C81F42-CEE1-AB78-3FDD-856E24457C79,sshd,null
1557909392.158:1546758683,5468C8B6-5680-117C-AD44-127BF0806348:sshd,CHANGE_PRINCIPAL,DAE4A99E-EF34-E205-B5C7-13CCA1140A0D,sshd,null
1557909392.158:1546758681,5468C8B6-5680-117C-AD44-127BF0806348:sshd,MMAP,B529BC2D-2FF5-75E0-B578-6BB967A2D7E2,/etc/passwd,null
1557909392.158:1546758667,5468C8B6-5680-117C-AD44-127BF0806348:sshd,MMAP,B529BC2D-2FF5-75E0-B578-6BB967A2D7E2,/etc/passwd,null
1557909392.158:1546758627,5468C8B6-5680-117C-AD44-127BF0806348:sshd,MMAP,6C077190-DBB6-664D-8280-B3D04B5DC371,/etc/shadow,null
1557909392.158:1546758624,5468C8B6-5680-117C-AD44-127BF0806348:sshd,MMAP,B529BC2D-2FF5-75E0-B578-6BB967A2D7E2,/etc/passwd,null
1557909392.138:1546758564,5468C8B6-5680-117C-AD44-127BF0806348:sshd,MMAP,6C077190-DBB6-664D-8280-B3D04B5DC371,/etc/shadow,null
1557909392.138:1546758561,5468C8B6-5680-117C-AD44-127BF0806348:sshd,MMAP,B529BC2D-2FF5-75E0-B578-6BB967A2D7E2,/etc/passwd,null
1557909391.974:1546758107,5468C8B6-5680-117C-AD44-127BF0806348:sshd,MMAP,B529BC2D-2FF5-75E0-B578-6BB967A2D7E2,/etc/passwd,null
1557909391.974:1546758075,5468C8B6-5680-117C-AD44-127BF0806348:sshd,READ,ED1F91C8-517C-6835-0835-43FA2A19771C,/etc/hosts,null
1557909391.974:1546758074,5468C8B6-5680-117C-AD44-127BF0806348:sshd,READ,ED1F91C8-517C-6835-0835-43FA2A19771C,/etc/hosts,null
1557909391.878:1546757727,5468C8B6-5680-117C-AD44-127BF0806348:sshd,MMAP,B529BC2D-2FF5-75E0-B578-6BB967A2D7E2,/etc/passwd,null
1557909391.870:1546757457,FD35B589-A893-AD6E-382E-59420D7C760E:sshd,EXECUTE,5468C8B6-5680-117C-AD44-127BF0806348,sshd,null
1557909391.870:1546757431,3E8119A1-F9B4-0931-53D3-3FF11EEA5228:sshd,FORK,FD35B589-A893-AD6E-382E-59420D7C760E,sshd,null
1557909260.798:1546520204,2904FFBC-0151-88BD-5866-A42B7CA58377:sshd,MMAP,B529BC2D-2FF5-75E0-B578-6BB967A2D7E2,/etc/passwd,null
1557909260.798:1546520175,2904FFBC-0151-88BD-5866-A42B7CA58377:sshd,MMAP,B529BC2D-2FF5-75E0-B578-6BB967A2D7E2,/etc/passwd,null
1557909260.798:1546520103,7A87ED5B-83C9-8AF0-9428-54E048D5714C:sshd,CHANGE_PRINCIPAL,2904FFBC-0151-88BD-5866-A42B7CA58377,sshd,null
1557909260.798:1546520102,7A87ED5B-83C9-8AF0-9428-54E048D5714C:sshd,CHANGE_PRINCIPAL,7A87ED5B-83C9-8AF0-9428-54E048D5714C,sshd,null
1557909260.798:1546520101,2904FFBC-0151-88BD-5866-A42B7CA58377:sshd,CHANGE_PRINCIPAL,7A87ED5B-83C9-8AF0-9428-54E048D5714C,sshd,null
1557909260.690:1546519792,5A7AFAB6-0BB7-A40B-596F-EF4B95C6F128:sudo,CHANGE_PRINCIPAL,0666DE5B-5F98-D60E-8C6A-4280ADB2E7BE,sudo,null
1557909260.690:1546519786,AEF06630-2187-6A64-C79A-127CF2A284E7:sudo,FORK,5A7AFAB6-0BB7-A40B-596F-EF4B95C6F128,sudo,null
1557909260.690:1546519758,AEF06630-2187-6A64-C79A-127CF2A284E7:sudo,MMAP,B529BC2D-2FF5-75E0-B578-6BB967A2D7E2,/etc/passwd,null
1557909260.690:1546519745,62C74F97-10C0-8BF8-0073-14549C3CA766:sudo,CHANGE_PRINCIPAL,AEF06630-2187-6A64-C79A-127CF2A284E7,sudo,null
1557909260.690:1546519743,62C74F97-10C0-8BF8-0073-14549C3CA766:sudo,MMAP,B529BC2D-2FF5-75E0-B578-6BB967A2D7E2,/etc/passwd,null
1557909260.690:1546519738,62C74F97-10C0-8BF8-0073-14549C3CA766:sudo,MMAP,B529BC2D-2FF5-75E0-B578-6BB967A2D7E2,/etc/passwd,null
1557909260.690:1546519732,2870B149-4CBA-B684-5431-C45B35CCF4DA:sudo,CHANGE_PRINCIPAL,62C74F97-10C0-8BF8-0073-14549C3CA766,sudo,null
1557909260.690:1546519728,62C74F97-10C0-8BF8-0073-14549C3CA766:sudo,CHANGE_PRINCIPAL,2870B149-4CBA-B684-5431-C45B35CCF4DA,sudo,null
1557909260.686:1546519539,EFAD061A-3E32-C840-75D5-D19202F74BE3:sudo,CHANGE_PRINCIPAL,62C74F97-10C0-8BF8-0073-14549C3CA766,sudo,null
1557909260.686:1546519528,2870B149-4CBA-B684-5431-C45B35CCF4DA:sudo,CHANGE_PRINCIPAL,EFAD061A-3E32-C840-75D5-D19202F74BE3,sudo,null
1557909260.686:1546519521,2870B149-4CBA-B684-5431-C45B35CCF4DA:sudo,READ,ED1F91C8-517C-6835-0835-43FA2A19771C,/etc/hosts,null
1557909260.686:1546519520,2870B149-4CBA-B684-5431-C45B35CCF4DA:sudo,READ,ED1F91C8-517C-6835-0835-43FA2A19771C,/etc/hosts,null
1557909260.686:1546519504,2870B149-4CBA-B684-5431-C45B35CCF4DA:sudo,MMAP,B529BC2D-2FF5-75E0-B578-6BB967A2D7E2,/etc/passwd,null
1557909260.686:1546519498,8C7001BF-1703-0AF5-D1C6-6E8895CF20EA:sudo,CHANGE_PRINCIPAL,2870B149-4CBA-B684-5431-C45B35CCF4DA,sudo,null
1557909260.686:1546519494,2870B149-4CBA-B684-5431-C45B35CCF4DA:sudo,CHANGE_PRINCIPAL,8C7001BF-1703-0AF5-D1C6-6E8895CF20EA,sudo,null
1557909260.686:1546519490,8C7001BF-1703-0AF5-D1C6-6E8895CF20EA:sudo,CHANGE_PRINCIPAL,2870B149-4CBA-B684-5431-C45B35CCF4DA,sudo,null
1557909260.686:1546519486,2870B149-4CBA-B684-5431-C45B35CCF4DA:sudo,CHANGE_PRINCIPAL,8C7001BF-1703-0AF5-D1C6-6E8895CF20EA,sudo,null
1557909260.686:1546519482,8C7001BF-1703-0AF5-D1C6-6E8895CF20EA:sudo,CHANGE_PRINCIPAL,2870B149-4CBA-B684-5431-C45B35CCF4DA,sudo,null
1557909260.686:1546519478,2870B149-4CBA-B684-5431-C45B35CCF4DA:sudo,CHANGE_PRINCIPAL,8C7001BF-1703-0AF5-D1C6-6E8895CF20EA,sudo,null
1557909260.686:1546519474,8C7001BF-1703-0AF5-D1C6-6E8895CF20EA:sudo,CHANGE_PRINCIPAL,2870B149-4CBA-B684-5431-C45B35CCF4DA,sudo,null
1557909260.686:1546519470,62C74F97-10C0-8BF8-0073-14549C3CA766:sudo,CHANGE_PRINCIPAL,8C7001BF-1703-0AF5-D1C6-6E8895CF20EA,sudo,null
1557909260.686:1546519455,62C74F97-10C0-8BF8-0073-14549C3CA766:sudo,MMAP,B529BC2D-2FF5-75E0-B578-6BB967A2D7E2,/etc/passwd,null
1557909260.686:1546519406,62C74F97-10C0-8BF8-0073-14549C3CA766:sudo,MMAP,B529BC2D-2FF5-75E0-B578-6BB967A2D7E2,/etc/passwd,null
1557909260.686:1546519288,249B86F6-4B56-E90C-FE7B-20B54F7D261B:bash,EXECUTE,62C74F97-10C0-8BF8-0073-14549C3CA766,b'sudo sysctl vm.dirty_ratio=0',null
1557909260.686:1546519288,70B8388A-DCDC-9038-1BE9-8C3C22D9FEE7:bash,CHANGE_PRINCIPAL,249B86F6-4B56-E90C-FE7B-20B54F7D261B,bash,null
1557909260.682:1546519278,E6D2BA42-273B-DDEB-DF0E-567E60F0FADD:bash,FORK,70B8388A-DCDC-9038-1BE9-8C3C22D9FEE7,bash,null
1557909260.582:1546518279,5E09CCE4-4AA7-9218-A56A-51D937A216F8:sudo,CHANGE_PRINCIPAL,D8111019-CF3E-A2E2-0AE6-981726F558B2,sudo,null
1557909260.582:1546518272,06B11844-0BBC-6285-727D-44F3A9E811EB:sudo,FORK,5E09CCE4-4AA7-9218-A56A-51D937A216F8,sudo,null
1557909260.582:1546518239,06B11844-0BBC-6285-727D-44F3A9E811EB:sudo,MMAP,B529BC2D-2FF5-75E0-B578-6BB967A2D7E2,/etc/passwd,null
1557909260.582:1546518224,79FB8E93-02DB-D222-2753-30AC204D3AD6:sudo,CHANGE_PRINCIPAL,06B11844-0BBC-6285-727D-44F3A9E811EB,sudo,null
1557909260.582:1546518222,79FB8E93-02DB-D222-2753-30AC204D3AD6:sudo,MMAP,B529BC2D-2FF5-75E0-B578-6BB967A2D7E2,/etc/passwd,null
1557909260.582:1546518217,79FB8E93-02DB-D222-2753-30AC204D3AD6:sudo,MMAP,B529BC2D-2FF5-75E0-B578-6BB967A2D7E2,/etc/passwd,null
1557909260.582:1546518210,6F06614C-835F-3626-6A57-34D24E75284D:sudo,CHANGE_PRINCIPAL,79FB8E93-02DB-D222-2753-30AC204D3AD6,sudo,null
1557909260.582:1546518205,79FB8E93-02DB-D222-2753-30AC204D3AD6:sudo,CHANGE_PRINCIPAL,6F06614C-835F-3626-6A57-34D24E75284D,sudo,null
1557909260.578:1546518194,79FB8E93-02DB-D222-2753-30AC204D3AD6:sudo,MMAP,6C077190-DBB6-664D-8280-B3D04B5DC371,/etc/shadow,null
1557909260.578:1546518191,79FB8E93-02DB-D222-2753-30AC204D3AD6:sudo,MMAP,B529BC2D-2FF5-75E0-B578-6BB967A2D7E2,/etc/passwd,null
1557909260.574:1546518167,79FB8E93-02DB-D222-2753-30AC204D3AD6:sudo,MMAP,6C077190-DBB6-664D-8280-B3D04B5DC371,/etc/shadow,null
1557909260.574:1546518164,79FB8E93-02DB-D222-2753-30AC204D3AD6:sudo,MMAP,B529BC2D-2FF5-75E0-B578-6BB967A2D7E2,/etc/passwd,null
1557909260.470:1546517775,F1F4BCCF-293B-86B5-5949-38E00FFB436D:sudo,CHANGE_PRINCIPAL,79FB8E93-02DB-D222-2753-30AC204D3AD6,sudo,null
1557909260.470:1546517764,6F06614C-835F-3626-6A57-34D24E75284D:sudo,CHANGE_PRINCIPAL,F1F4BCCF-293B-86B5-5949-38E00FFB436D,sudo,null
1557909260.470:1546517757,6F06614C-835F-3626-6A57-34D24E75284D:sudo,READ,ED1F91C8-517C-6835-0835-43FA2A19771C,/etc/hosts,null
1557909260.470:1546517756,6F06614C-835F-3626-6A57-34D24E75284D:sudo,READ,ED1F91C8-517C-6835-0835-43FA2A19771C,/etc/hosts,null
1557909260.470:1546517740,6F06614C-835F-3626-6A57-34D24E75284D:sudo,MMAP,B529BC2D-2FF5-75E0-B578-6BB967A2D7E2,/etc/passwd,null
1557909260.470:1546517734,69655F50-BCD6-BD74-4345-45111B0F1750:sudo,CHANGE_PRINCIPAL,6F06614C-835F-3626-6A57-34D24E75284D,sudo,null
1557909260.470:1546517730,6F06614C-835F-3626-6A57-34D24E75284D:sudo,CHANGE_PRINCIPAL,69655F50-BCD6-BD74-4345-45111B0F1750,sudo,null
1557909260.470:1546517726,69655F50-BCD6-BD74-4345-45111B0F1750:sudo,CHANGE_PRINCIPAL,6F06614C-835F-3626-6A57-34D24E75284D,sudo,null
1557909260.470:1546517722,6F06614C-835F-3626-6A57-34D24E75284D:sudo,CHANGE_PRINCIPAL,69655F50-BCD6-BD74-4345-45111B0F1750,sudo,null
1557909260.470:1546517718,69655F50-BCD6-BD74-4345-45111B0F1750:sudo,CHANGE_PRINCIPAL,6F06614C-835F-3626-6A57-34D24E75284D,sudo,null
1557909260.470:1546517714,6F06614C-835F-3626-6A57-34D24E75284D:sudo,CHANGE_PRINCIPAL,69655F50-BCD6-BD74-4345-45111B0F1750,sudo,null
1557909260.470:1546517710,69655F50-BCD6-BD74-4345-45111B0F1750:sudo,CHANGE_PRINCIPAL,6F06614C-835F-3626-6A57-34D24E75284D,sudo,null
1557909260.466:1546517706,79FB8E93-02DB-D222-2753-30AC204D3AD6:sudo,CHANGE_PRINCIPAL,69655F50-BCD6-BD74-4345-45111B0F1750,sudo,null
1557909260.466:1546517691,79FB8E93-02DB-D222-2753-30AC204D3AD6:sudo,MMAP,B529BC2D-2FF5-75E0-B578-6BB967A2D7E2,/etc/passwd,null
1557909260.466:1546517640,79FB8E93-02DB-D222-2753-30AC204D3AD6:sudo,MMAP,B529BC2D-2FF5-75E0-B578-6BB967A2D7E2,/etc/passwd,null
1557909260.462:1546517517,4FAF76DA-5BC6-AAFC-D364-199FBCC84FA1:bash,EXECUTE,79FB8E93-02DB-D222-2753-30AC204D3AD6,b'sudo sysctl vm.dirty_ratio=1',null
1557909260.462:1546517517,53D72487-2AF0-DA7A-D25E-8D55E1B5ECA7:bash,CHANGE_PRINCIPAL,4FAF76DA-5BC6-AAFC-D364-199FBCC84FA1,bash,null
1557909260.462:1546517504,E6D2BA42-273B-DDEB-DF0E-567E60F0FADD:bash,FORK,53D72487-2AF0-DA7A-D25E-8D55E1B5ECA7,bash,null
1557909260.054:1546504083,E6D2BA42-273B-DDEB-DF0E-567E60F0FADD:bash,MMAP,B529BC2D-2FF5-75E0-B578-6BB967A2D7E2,/etc/passwd,null
1557909260.054:1546503997,B24DCCDC-A99F-8112-0712-6075C1155E81:sshd,EXECUTE,E6D2BA42-273B-DDEB-DF0E-567E60F0FADD,bash,null
1557909260.050:1546503879,588BFC03-AB78-5BE9-1F4F-F15F6A1856CD:sshd,FORK,B24DCCDC-A99F-8112-0712-6075C1155E81,sshd,null
1557909260.050:1546503832,2904FFBC-0151-88BD-5866-A42B7CA58377:sshd,MMAP,B529BC2D-2FF5-75E0-B578-6BB967A2D7E2,/etc/passwd,null
1557909260.050:1546503826,2904FFBC-0151-88BD-5866-A42B7CA58377:sshd,MMAP,B529BC2D-2FF5-75E0-B578-6BB967A2D7E2,/etc/passwd,null
1557909260.050:1546503802,79DF09B0-9C92-6D8B-7193-B1A627721B46:sshd,CHANGE_PRINCIPAL,588BFC03-AB78-5BE9-1F4F-F15F6A1856CD,sshd,null
1557909260.050:1546503776,821A7FDC-E5F6-CE01-83F0-97027A46662B:sshd,CHANGE_PRINCIPAL,79DF09B0-9C92-6D8B-7193-B1A627721B46,sshd,null
1557909260.050:1546503770,2904FFBC-0151-88BD-5866-A42B7CA58377:sshd,FORK,821A7FDC-E5F6-CE01-83F0-97027A46662B,sshd,null
1557909260.050:1546503756,2904FFBC-0151-88BD-5866-A42B7CA58377:sshd,MMAP,B529BC2D-2FF5-75E0-B578-6BB967A2D7E2,/etc/passwd,null
1557909260.050:1546503717,2904FFBC-0151-88BD-5866-A42B7CA58377:sshd,MMAP,B529BC2D-2FF5-75E0-B578-6BB967A2D7E2,/etc/passwd,null
1557909260.050:1546503714,2904FFBC-0151-88BD-5866-A42B7CA58377:sshd,MMAP,B529BC2D-2FF5-75E0-B578-6BB967A2D7E2,/etc/passwd,null
1557909260.050:1546503711,2904FFBC-0151-88BD-5866-A42B7CA58377:sshd,MMAP,B529BC2D-2FF5-75E0-B578-6BB967A2D7E2,/etc/passwd,null
1557909259.998:1546501567,CFD1A7B5-C925-0377-4CF4-63E5A38FD84B:lsb_release,MMAP,B529BC2D-2FF5-75E0-B578-6BB967A2D7E2,/etc/passwd,null
1557909259.990:1546501306,A5CE2B86-4587-DE34-05AA-C5CEB4DFFCB9:91-release-upgr,EXECUTE,CFD1A7B5-C925-0377-4CF4-63E5A38FD84B,lsb_release,null
1557909259.990:1546501299,A5273122-3193-FFBD-63F5-8E13174F64C2:91-release-upgr,FORK,A5CE2B86-4587-DE34-05AA-C5CEB4DFFCB9,91-release-upgr,null
1557909259.990:1546501292,0128C6F3-0988-1123-A0B9-E5B305D55110:91-release-upgr,FORK,A5273122-3193-FFBD-63F5-8E13174F64C2,91-release-upgr,null
1557909259.990:1546501270,9BA84B36-4DA4-8B1C-8991-9B1C29797E8C:run-parts,EXECUTE,0128C6F3-0988-1123-A0B9-E5B305D55110,91-release-upgr,null
1557909259.990:1546501269,AF504A17-8A66-FD03-C95F-E92B5952517C:run-parts,FORK,9BA84B36-4DA4-8B1C-8991-9B1C29797E8C,run-parts,null
1557909259.498:1546492400,0DCAC37D-1B5C-C51D-68A1-5B8C970E5AFC:landscape-sysin,MMAP,B529BC2D-2FF5-75E0-B578-6BB967A2D7E2,/etc/passwd,null
1557909259.494:1546492020,112B341B-BBD6-8BCA-455B-6A7ADE16B2CA:50-landscape-sy,EXECUTE,0DCAC37D-1B5C-C51D-68A1-5B8C970E5AFC,landscape-sysin,null
1557909259.494:1546492012,25138933-5B48-0322-7C54-FB0CBA93FC64:50-landscape-sy,FORK,112B341B-BBD6-8BCA-455B-6A7ADE16B2CA,50-landscape-sy,null
1557909259.486:1546491736,72EB38D9-4A22-05A6-1DDC-8B289F07D29E:run-parts,EXECUTE,25138933-5B48-0322-7C54-FB0CBA93FC64,50-landscape-sy,null
1557909259.486:1546491735,AF504A17-8A66-FD03-C95F-E92B5952517C:run-parts,FORK,72EB38D9-4A22-05A6-1DDC-8B289F07D29E,run-parts,null
1557909259.478:1546491391,5CFEC4F9-10B2-1FC7-AB86-CEDC8686DA1C:env,EXECUTE,AF504A17-8A66-FD03-C95F-E92B5952517C,run-parts,null
1557909259.478:1546491352,51A16C17-C17A-52F7-B385-707191A89AB1:sh,EXECUTE,5CFEC4F9-10B2-1FC7-AB86-CEDC8686DA1C,env,null
1557909259.478:1546491339,59AE84EA-A629-A44A-D881-F4D2C7001AF3:sh,FORK,51A16C17-C17A-52F7-B385-707191A89AB1,sh,null
1557909259.478:1546491282,5ACE1D68-AF39-8E64-ECD9-7EF1F05E8538:sshd,EXECUTE,59AE84EA-A629-A44A-D881-F4D2C7001AF3,sh,null
1557909259.478:1546491244,2904FFBC-0151-88BD-5866-A42B7CA58377:sshd,FORK,5ACE1D68-AF39-8E64-ECD9-7EF1F05E8538,sshd,null
1557909259.478:1546491226,2904FFBC-0151-88BD-5866-A42B7CA58377:sshd,MMAP,B529BC2D-2FF5-75E0-B578-6BB967A2D7E2,/etc/passwd,null
1557909259.450:1546490833,2904FFBC-0151-88BD-5866-A42B7CA58377:sshd,MMAP,B529BC2D-2FF5-75E0-B578-6BB967A2D7E2,/etc/passwd,null
1557909259.450:1546490778,2904FFBC-0151-88BD-5866-A42B7CA58377:sshd,MMAP,B529BC2D-2FF5-75E0-B578-6BB967A2D7E2,/etc/passwd,null
1557909259.450:1546490766,62FBE471-8929-E544-91B5-87FB39555492:sshd,CHANGE_PRINCIPAL,2904FFBC-0151-88BD-5866-A42B7CA58377,sshd,null
1557909259.450:1546490765,A54A6AFE-9A12-C944-9122-BA7D7E06124F:sshd,CHANGE_PRINCIPAL,62FBE471-8929-E544-91B5-87FB39555492,sshd,null
1557909259.450:1546490764,62FBE471-8929-E544-91B5-87FB39555492:sshd,CHANGE_PRINCIPAL,A54A6AFE-9A12-C944-9122-BA7D7E06124F,sshd,null
1557909259.450:1546490763,2904FFBC-0151-88BD-5866-A42B7CA58377:sshd,CHANGE_PRINCIPAL,62FBE471-8929-E544-91B5-87FB39555492,sshd,null
1557909259.450:1546490761,2904FFBC-0151-88BD-5866-A42B7CA58377:sshd,MMAP,B529BC2D-2FF5-75E0-B578-6BB967A2D7E2,/etc/passwd,null
1557909259.450:1546490747,2904FFBC-0151-88BD-5866-A42B7CA58377:sshd,MMAP,B529BC2D-2FF5-75E0-B578-6BB967A2D7E2,/etc/passwd,null
1557909259.446:1546490702,2904FFBC-0151-88BD-5866-A42B7CA58377:sshd,MMAP,6C077190-DBB6-664D-8280-B3D04B5DC371,/etc/shadow,null
1557909259.446:1546490699,2904FFBC-0151-88BD-5866-A42B7CA58377:sshd,MMAP,B529BC2D-2FF5-75E0-B578-6BB967A2D7E2,/etc/passwd,null
1557909259.430:1546490655,2904FFBC-0151-88BD-5866-A42B7CA58377:sshd,MMAP,6C077190-DBB6-664D-8280-B3D04B5DC371,/etc/shadow,null
1557909259.430:1546490652,2904FFBC-0151-88BD-5866-A42B7CA58377:sshd,MMAP,B529BC2D-2FF5-75E0-B578-6BB967A2D7E2,/etc/passwd,null
1557909259.330:1546490277,2904FFBC-0151-88BD-5866-A42B7CA58377:sshd,MMAP,B529BC2D-2FF5-75E0-B578-6BB967A2D7E2,/etc/passwd,null
1557909259.326:1546490245,2904FFBC-0151-88BD-5866-A42B7CA58377:sshd,READ,ED1F91C8-517C-6835-0835-43FA2A19771C,/etc/hosts,null
1557909259.326:1546490244,2904FFBC-0151-88BD-5866-A42B7CA58377:sshd,READ,ED1F91C8-517C-6835-0835-43FA2A19771C,/etc/hosts,null
1557909259.262:1546489935,2904FFBC-0151-88BD-5866-A42B7CA58377:sshd,MMAP,B529BC2D-2FF5-75E0-B578-6BB967A2D7E2,/etc/passwd,null
1557909259.254:1546489663,C691651E-93B1-5578-F046-76F638F7521C:sshd,EXECUTE,2904FFBC-0151-88BD-5866-A42B7CA58377,sshd,null
1557909259.254:1546489639,3E8119A1-F9B4-0931-53D3-3FF11EEA5228:sshd,FORK,C691651E-93B1-5578-F046-76F638F7521C,sshd,null
1557909150.201:1546294716,4A31F60B-B927-34BB-25BB-DC28A0C908A4:sshd,READ,ED1F91C8-517C-6835-0835-43FA2A19771C,/etc/hosts,null
1557909150.201:1546294715,4A31F60B-B927-34BB-25BB-DC28A0C908A4:sshd,READ,ED1F91C8-517C-6835-0835-43FA2A19771C,/etc/hosts,null
1557909150.201:1546294690,4A31F60B-B927-34BB-25BB-DC28A0C908A4:sshd,READ,ED1F91C8-517C-6835-0835-43FA2A19771C,/etc/hosts,null
1557909150.201:1546294687,4A31F60B-B927-34BB-25BB-DC28A0C908A4:sshd,READ,ED1F91C8-517C-6835-0835-43FA2A19771C,/etc/hosts,null
1557909150.201:1546294656,4A31F60B-B927-34BB-25BB-DC28A0C908A4:sshd,MMAP,B529BC2D-2FF5-75E0-B578-6BB967A2D7E2,/etc/passwd,null
1557909150.201:1546294571,D957DB4D-D0E4-B18B-94E3-F39DF36ACE2A:sshd,CHANGE_PRINCIPAL,4A31F60B-B927-34BB-25BB-DC28A0C908A4,sshd,null
1557909150.201:1546294570,D957DB4D-D0E4-B18B-94E3-F39DF36ACE2A:sshd,CHANGE_PRINCIPAL,D957DB4D-D0E4-B18B-94E3-F39DF36ACE2A,sshd,null
1557909150.201:1546294569,4A31F60B-B927-34BB-25BB-DC28A0C908A4:sshd,CHANGE_PRINCIPAL,D957DB4D-D0E4-B18B-94E3-F39DF36ACE2A,sshd,null
1557909150.189:1546294500,09D51ECF-EF7F-BBCE-ED73-86BF064C894C:scp,MMAP,B529BC2D-2FF5-75E0-B578-6BB967A2D7E2,/etc/passwd,null
1557909150.189:1546294439,0D617756-7622-AA0D-4099-68EEA2E004D9:bash,EXECUTE,09D51ECF-EF7F-BBCE-ED73-86BF064C894C,b'scp -r -t ./test/',null
1557909150.185:1546294385,56551045-5D81-6C42-272A-317E97D93363:sshd,EXECUTE,0D617756-7622-AA0D-4099-68EEA2E004D9,bash,null
1557909150.185:1546294346,E15B999B-D49C-9B10-4FA4-B5943BB91274:sshd,FORK,56551045-5D81-6C42-272A-317E97D93363,sshd,null
1557909150.185:1546294327,B4195D56-9E6E-F65A-8AAE-6513575A0B77:sshd,CHANGE_PRINCIPAL,E15B999B-D49C-9B10-4FA4-B5943BB91274,sshd,null
1557909150.185:1546294316,B4195D56-9E6E-F65A-8AAE-6513575A0B77:sshd,READ,ED1F91C8-517C-6835-0835-43FA2A19771C,/etc/hosts,null
1557909150.185:1546294315,B4195D56-9E6E-F65A-8AAE-6513575A0B77:sshd,READ,ED1F91C8-517C-6835-0835-43FA2A19771C,/etc/hosts,null
1557909150.181:1546294300,FD64D4EF-BE2B-A922-3C05-A4BB9D7F0CDC:sshd,CHANGE_PRINCIPAL,B4195D56-9E6E-F65A-8AAE-6513575A0B77,sshd,null
1557909150.181:1546294297,4A31F60B-B927-34BB-25BB-DC28A0C908A4:sshd,FORK,FD64D4EF-BE2B-A922-3C05-A4BB9D7F0CDC,sshd,null
1557909150.181:1546294290,4A31F60B-B927-34BB-25BB-DC28A0C908A4:sshd,READ,ED1F91C8-517C-6835-0835-43FA2A19771C,/etc/hosts,null
1557909150.181:1546294289,4A31F60B-B927-34BB-25BB-DC28A0C908A4:sshd,READ,ED1F91C8-517C-6835-0835-43FA2A19771C,/etc/hosts,null
1557909150.181:1546294283,4A31F60B-B927-34BB-25BB-DC28A0C908A4:sshd,MMAP,B529BC2D-2FF5-75E0-B578-6BB967A2D7E2,/etc/passwd,null
1557909150.181:1546294247,4A31F60B-B927-34BB-25BB-DC28A0C908A4:sshd,MMAP,B529BC2D-2FF5-75E0-B578-6BB967A2D7E2,/etc/passwd,null
1557909150.181:1546294244,4A31F60B-B927-34BB-25BB-DC28A0C908A4:sshd,MMAP,B529BC2D-2FF5-75E0-B578-6BB967A2D7E2,/etc/passwd,null
1557909150.181:1546294241,4A31F60B-B927-34BB-25BB-DC28A0C908A4:sshd,MMAP,B529BC2D-2FF5-75E0-B578-6BB967A2D7E2,/etc/passwd,null
1557909150.129:1546292094,62CCE097-F73A-05AF-CD57-0AEB36ABDB5D:lsb_release,MMAP,B529BC2D-2FF5-75E0-B578-6BB967A2D7E2,/etc/passwd,null
1557909150.113:1546291833,9E927591-6752-07F1-4C94-594AA31EDB9E:91-release-upgr,EXECUTE,62CCE097-F73A-05AF-CD57-0AEB36ABDB5D,lsb_release,null
1557909150.113:1546291809,47A07930-BABE-1027-26EF-AC131688A274:91-release-upgr,FORK,9E927591-6752-07F1-4C94-594AA31EDB9E,91-release-upgr,null
1557909150.113:1546291802,6DECF646-6F07-4EF3-9B50-FCC7F9D43C60:91-release-upgr,FORK,47A07930-BABE-1027-26EF-AC131688A274,91-release-upgr,null
1557909150.113:1546291780,8B7EC9B6-E9DB-4A4B-1511-EAF40987DB00:run-parts,EXECUTE,6DECF646-6F07-4EF3-9B50-FCC7F9D43C60,91-release-upgr,null
1557909150.113:1546291779,88DDE65D-25D6-133B-1729-C203F35A52E3:run-parts,FORK,8B7EC9B6-E9DB-4A4B-1511-EAF40987DB00,run-parts,null
1557909149.957:1546283545,EBF43ABB-3AAD-336C-99B9-3B64E0242F9D:landscape-sysin,MMAP,B529BC2D-2FF5-75E0-B578-6BB967A2D7E2,/etc/passwd,null
1557909149.949:1546283095,45D454EF-9249-78E1-7BA1-AE59A9BB02FB:50-landscape-sy,EXECUTE,EBF43ABB-3AAD-336C-99B9-3B64E0242F9D,landscape-sysin,null
1557909149.949:1546283091,BF646C09-CE9A-5648-A540-778DC48B4590:50-landscape-sy,FORK,45D454EF-9249-78E1-7BA1-AE59A9BB02FB,50-landscape-sy,null
1557909149.945:1546282821,5C556845-5558-90EE-2A18-F9BEB3C3E7C0:run-parts,EXECUTE,BF646C09-CE9A-5648-A540-778DC48B4590,50-landscape-sy,null
1557909149.945:1546282820,88DDE65D-25D6-133B-1729-C203F35A52E3:run-parts,FORK,5C556845-5558-90EE-2A18-F9BEB3C3E7C0,run-parts,null
1557909149.937:1546282458,2C24B82A-3DC1-7B73-A74B-C0A272B6EA22:env,EXECUTE,88DDE65D-25D6-133B-1729-C203F35A52E3,run-parts,null
1557909149.937:1546282395,C3576EB3-EF62-F70A-58AB-13779006478D:sh,EXECUTE,2C24B82A-3DC1-7B73-A74B-C0A272B6EA22,env,null
1557909149.937:1546282382,B2F12EF8-DD15-773C-694E-828EA39F06BD:sh,FORK,C3576EB3-EF62-F70A-58AB-13779006478D,sh,null
1557909149.937:1546282338,5BAD09E8-8DD4-7890-A0CE-8DB521DD76E2:sshd,EXECUTE,B2F12EF8-DD15-773C-694E-828EA39F06BD,sh,null
1557909149.937:1546282303,4A31F60B-B927-34BB-25BB-DC28A0C908A4:sshd,FORK,5BAD09E8-8DD4-7890-A0CE-8DB521DD76E2,sshd,null
1557909149.937:1546282296,4A31F60B-B927-34BB-25BB-DC28A0C908A4:sshd,MMAP,B529BC2D-2FF5-75E0-B578-6BB967A2D7E2,/etc/passwd,null
1557909149.913:1546282084,4A31F60B-B927-34BB-25BB-DC28A0C908A4:sshd,MMAP,B529BC2D-2FF5-75E0-B578-6BB967A2D7E2,/etc/passwd,null
1557909149.913:1546282033,4A31F60B-B927-34BB-25BB-DC28A0C908A4:sshd,MMAP,B529BC2D-2FF5-75E0-B578-6BB967A2D7E2,/etc/passwd,null
1557909149.913:1546282021,6C026422-E559-BD1F-FB16-43DCB3DA148B:sshd,CHANGE_PRINCIPAL,4A31F60B-B927-34BB-25BB-DC28A0C908A4,sshd,null
1557909149.913:1546282020,44D62FF1-C04A-57DA-4E9A-6942E144F35A:sshd,CHANGE_PRINCIPAL,6C026422-E559-BD1F-FB16-43DCB3DA148B,sshd,null
1557909149.913:1546282019,6C026422-E559-BD1F-FB16-43DCB3DA148B:sshd,CHANGE_PRINCIPAL,44D62FF1-C04A-57DA-4E9A-6942E144F35A,sshd,null
1557909149.913:1546282018,4A31F60B-B927-34BB-25BB-DC28A0C908A4:sshd,CHANGE_PRINCIPAL,6C026422-E559-BD1F-FB16-43DCB3DA148B,sshd,null
1557909149.913:1546282016,4A31F60B-B927-34BB-25BB-DC28A0C908A4:sshd,MMAP,B529BC2D-2FF5-75E0-B578-6BB967A2D7E2,/etc/passwd,null
1557909149.913:1546282002,4A31F60B-B927-34BB-25BB-DC28A0C908A4:sshd,MMAP,B529BC2D-2FF5-75E0-B578-6BB967A2D7E2,/etc/passwd,null
1557909149.913:1546281997,4A31F60B-B927-34BB-25BB-DC28A0C908A4:sshd,READ,ED1F91C8-517C-6835-0835-43FA2A19771C,/etc/hosts,null
1557909149.913:1546281996,4A31F60B-B927-34BB-25BB-DC28A0C908A4:sshd,READ,ED1F91C8-517C-6835-0835-43FA2A19771C,/etc/hosts,null
1557909149.913:1546281959,4A31F60B-B927-34BB-25BB-DC28A0C908A4:sshd,READ,ED1F91C8-517C-6835-0835-43FA2A19771C,/etc/hosts,null
1557909149.913:1546281958,4A31F60B-B927-34BB-25BB-DC28A0C908A4:sshd,READ,ED1F91C8-517C-6835-0835-43FA2A19771C,/etc/hosts,null
1557909149.913:1546281952,4A31F60B-B927-34BB-25BB-DC28A0C908A4:sshd,MMAP,6C077190-DBB6-664D-8280-B3D04B5DC371,/etc/shadow,null
1557909149.913:1546281949,4A31F60B-B927-34BB-25BB-DC28A0C908A4:sshd,MMAP,B529BC2D-2FF5-75E0-B578-6BB967A2D7E2,/etc/passwd,null
1557909149.913:1546281931,4A31F60B-B927-34BB-25BB-DC28A0C908A4:sshd,READ,ED1F91C8-517C-6835-0835-43FA2A19771C,/etc/hosts,null
1557909149.913:1546281930,4A31F60B-B927-34BB-25BB-DC28A0C908A4:sshd,READ,ED1F91C8-517C-6835-0835-43FA2A19771C,/etc/hosts,null
1557909149.901:1546281909,4A31F60B-B927-34BB-25BB-DC28A0C908A4:sshd,MMAP,6C077190-DBB6-664D-8280-B3D04B5DC371,/etc/shadow,null
1557909149.901:1546281905,4A31F60B-B927-34BB-25BB-DC28A0C908A4:sshd,MMAP,B529BC2D-2FF5-75E0-B578-6BB967A2D7E2,/etc/passwd,null
1557909149.645:1546281329,4A31F60B-B927-34BB-25BB-DC28A0C908A4:sshd,MMAP,B529BC2D-2FF5-75E0-B578-6BB967A2D7E2,/etc/passwd,null
1557909149.645:1546281325,4A31F60B-B927-34BB-25BB-DC28A0C908A4:sshd,READ,ED1F91C8-517C-6835-0835-43FA2A19771C,/etc/hosts,null
1557909149.645:1546281324,4A31F60B-B927-34BB-25BB-DC28A0C908A4:sshd,READ,ED1F91C8-517C-6835-0835-43FA2A19771C,/etc/hosts,null
1557909149.645:1546281314,4A31F60B-B927-34BB-25BB-DC28A0C908A4:sshd,READ,ED1F91C8-517C-6835-0835-43FA2A19771C,/etc/hosts,null
1557909149.549:1546280974,4A31F60B-B927-34BB-25BB-DC28A0C908A4:sshd,MMAP,B529BC2D-2FF5-75E0-B578-6BB967A2D7E2,/etc/passwd,null
1557909149.541:1546280699,8ED93B6A-EAAA-06F0-A8CF-4F859B674FC0:sshd,EXECUTE,4A31F60B-B927-34BB-25BB-DC28A0C908A4,sshd,null
1557909149.541:1546280678,3E8119A1-F9B4-0931-53D3-3FF11EEA5228:sshd,FORK,8ED93B6A-EAAA-06F0-A8CF-4F859B674FC0,sshd,null
1557909095.381:1546184573,A4584FAB-5302-67C8-AED4-8C85C3FA3310:xscreensaver,MMAP,B529BC2D-2FF5-75E0-B578-6BB967A2D7E2,/etc/passwd,null
1557909095.377:1546184544,A4584FAB-5302-67C8-AED4-8C85C3FA3310:xscreensaver,MMAP,B529BC2D-2FF5-75E0-B578-6BB967A2D7E2,/etc/passwd,null
1557909095.377:1546184515,A4584FAB-5302-67C8-AED4-8C85C3FA3310:xscreensaver,MMAP,B529BC2D-2FF5-75E0-B578-6BB967A2D7E2,/etc/passwd,null
1557909047.109:1546079584,10122E47-3887-E862-ABD8-74C4F36F5D6D:sshd,MMAP,B529BC2D-2FF5-75E0-B578-6BB967A2D7E2,/etc/passwd,null
1557909047.109:1546079561,10122E47-3887-E862-ABD8-74C4F36F5D6D:sshd,MMAP,B529BC2D-2FF5-75E0-B578-6BB967A2D7E2,/etc/passwd,null
1557909047.105:1546079451,AEAA7515-77B5-2EC7-FCDF-B3C6D08ECEE1:sshd,CHANGE_PRINCIPAL,10122E47-3887-E862-ABD8-74C4F36F5D6D,sshd,null
1557909047.105:1546079450,AEAA7515-77B5-2EC7-FCDF-B3C6D08ECEE1:sshd,CHANGE_PRINCIPAL,AEAA7515-77B5-2EC7-FCDF-B3C6D08ECEE1,sshd,null
1557909047.105:1546079449,10122E47-3887-E862-ABD8-74C4F36F5D6D:sshd,CHANGE_PRINCIPAL,AEAA7515-77B5-2EC7-FCDF-B3C6D08ECEE1,sshd,null
1557909046.813:1546075919,A330151F-6EED-CA14-6D68-4130BAB82C0C:bash,MMAP,B529BC2D-2FF5-75E0-B578-6BB967A2D7E2,/etc/passwd,null
1557909046.813:1546075820,4D54508D-542C-B96C-F26A-11A8DD133C15:sshd,EXECUTE,A330151F-6EED-CA14-6D68-4130BAB82C0C,bash,null
1557909046.813:1546075698,ABA1C4BC-99C7-5521-0AF9-BC746B74B72F:sshd,FORK,4D54508D-542C-B96C-F26A-11A8DD133C15,sshd,null
1557909046.813:1546075651,10122E47-3887-E862-ABD8-74C4F36F5D6D:sshd,MMAP,B529BC2D-2FF5-75E0-B578-6BB967A2D7E2,/etc/passwd,null
1557909046.809:1546075645,10122E47-3887-E862-ABD8-74C4F36F5D6D:sshd,MMAP,B529BC2D-2FF5-75E0-B578-6BB967A2D7E2,/etc/passwd,null
1557909046.809:1546075621,635CA247-581B-F100-6132-5BDAE5198315:sshd,CHANGE_PRINCIPAL,ABA1C4BC-99C7-5521-0AF9-BC746B74B72F,sshd,null
1557909046.809:1546075599,32F4A87D-C1E9-7056-16A2-8B94F2F27B83:sshd,CHANGE_PRINCIPAL,635CA247-581B-F100-6132-5BDAE5198315,sshd,null
1557909046.809:1546075596,10122E47-3887-E862-ABD8-74C4F36F5D6D:sshd,FORK,32F4A87D-C1E9-7056-16A2-8B94F2F27B83,sshd,null
1557909046.809:1546075587,10122E47-3887-E862-ABD8-74C4F36F5D6D:sshd,MMAP,B529BC2D-2FF5-75E0-B578-6BB967A2D7E2,/etc/passwd,null
1557909046.809:1546075551,10122E47-3887-E862-ABD8-74C4F36F5D6D:sshd,MMAP,B529BC2D-2FF5-75E0-B578-6BB967A2D7E2,/etc/passwd,null
1557909046.809:1546075548,10122E47-3887-E862-ABD8-74C4F36F5D6D:sshd,MMAP,B529BC2D-2FF5-75E0-B578-6BB967A2D7E2,/etc/passwd,null
1557909046.809:1546075545,10122E47-3887-E862-ABD8-74C4F36F5D6D:sshd,MMAP,B529BC2D-2FF5-75E0-B578-6BB967A2D7E2,/etc/passwd,null
1557909046.761:1546073393,699479A3-EC82-F6E4-38DE-14B54D0D1B59:lsb_release,MMAP,B529BC2D-2FF5-75E0-B578-6BB967A2D7E2,/etc/passwd,null
1557909046.753:1546073125,A36F6D52-FAD8-BFD5-2B5A-14F203CE2462:91-release-upgr,EXECUTE,699479A3-EC82-F6E4-38DE-14B54D0D1B59,lsb_release,null
1557909046.753:1546073116,A3ED37E2-BAD9-8B01-7D79-7423AC2EA97F:91-release-upgr,FORK,A36F6D52-FAD8-BFD5-2B5A-14F203CE2462,91-release-upgr,null
1557909046.753:1546073109,6D605231-03E4-0B7F-2920-8A67BAB3A439:91-release-upgr,FORK,A3ED37E2-BAD9-8B01-7D79-7423AC2EA97F,91-release-upgr,null
1557909046.749:1546073087,A7FFD14C-0147-EEE6-D1E9-04BAF0D22E43:run-parts,EXECUTE,6D605231-03E4-0B7F-2920-8A67BAB3A439,91-release-upgr,null
1557909046.749:1546073086,F774B697-4086-38FB-8D61-281CAE7EC37F:run-parts,FORK,A7FFD14C-0147-EEE6-D1E9-04BAF0D22E43,run-parts,null
1557909046.585:1546063952,0C9AB098-3494-2CCC-1F6E-6EA27C0802CE:landscape-sysin,MMAP,B529BC2D-2FF5-75E0-B578-6BB967A2D7E2,/etc/passwd,null
1557909046.577:1546063520,60AEA8EB-2C21-6431-1063-C097153DF184:50-landscape-sy,EXECUTE,0C9AB098-3494-2CCC-1F6E-6EA27C0802CE,landscape-sysin,null
1557909046.577:1546063513,EF104FA5-99D1-8D87-A31D-0A2C63791D0A:50-landscape-sy,FORK,60AEA8EB-2C21-6431-1063-C097153DF184,50-landscape-sy,null
1557909046.569:1546063234,58B97FD7-E0C5-38B4-3547-921C7BE04059:run-parts,EXECUTE,EF104FA5-99D1-8D87-A31D-0A2C63791D0A,50-landscape-sy,null
1557909046.569:1546063181,F774B697-4086-38FB-8D61-281CAE7EC37F:run-parts,FORK,58B97FD7-E0C5-38B4-3547-921C7BE04059,run-parts,null
1557909046.561:1546062850,C910BD07-B58E-4B29-06C5-33F7F5F44C37:env,EXECUTE,F774B697-4086-38FB-8D61-281CAE7EC37F,run-parts,null
1557909046.561:1546062827,7458B1D8-FD51-6E9B-367A-2E55E45A2E87:sh,EXECUTE,C910BD07-B58E-4B29-06C5-33F7F5F44C37,env,null
1557909046.561:1546062826,CD8BC7BF-F3F2-C878-5777-463B2D75916C:sh,FORK,7458B1D8-FD51-6E9B-367A-2E55E45A2E87,sh,null
1557909046.561:1546062760,DF4C7EE9-54B8-2DD1-8353-F8EB04AB6569:sshd,EXECUTE,CD8BC7BF-F3F2-C878-5777-463B2D75916C,sh,null
1557909046.561:1546062743,10122E47-3887-E862-ABD8-74C4F36F5D6D:sshd,FORK,DF4C7EE9-54B8-2DD1-8353-F8EB04AB6569,sshd,null
1557909046.561:1546062731,10122E47-3887-E862-ABD8-74C4F36F5D6D:sshd,MMAP,B529BC2D-2FF5-75E0-B578-6BB967A2D7E2,/etc/passwd,null
1557909046.533:1546062326,10122E47-3887-E862-ABD8-74C4F36F5D6D:sshd,MMAP,B529BC2D-2FF5-75E0-B578-6BB967A2D7E2,/etc/passwd,null
1557909046.533:1546062275,10122E47-3887-E862-ABD8-74C4F36F5D6D:sshd,MMAP,B529BC2D-2FF5-75E0-B578-6BB967A2D7E2,/etc/passwd,null
1557909046.533:1546062263,CB51C433-D9F7-39BD-3E77-4367EEDCE3BF:sshd,CHANGE_PRINCIPAL,10122E47-3887-E862-ABD8-74C4F36F5D6D,sshd,null
1557909046.533:1546062262,0E4605AD-948B-FCF3-FCA8-A52275036ABD:sshd,CHANGE_PRINCIPAL,CB51C433-D9F7-39BD-3E77-4367EEDCE3BF,sshd,null
1557909046.533:1546062261,CB51C433-D9F7-39BD-3E77-4367EEDCE3BF:sshd,CHANGE_PRINCIPAL,0E4605AD-948B-FCF3-FCA8-A52275036ABD,sshd,null
1557909046.533:1546062260,10122E47-3887-E862-ABD8-74C4F36F5D6D:sshd,CHANGE_PRINCIPAL,CB51C433-D9F7-39BD-3E77-4367EEDCE3BF,sshd,null
1557909046.533:1546062258,10122E47-3887-E862-ABD8-74C4F36F5D6D:sshd,MMAP,B529BC2D-2FF5-75E0-B578-6BB967A2D7E2,/etc/passwd,null
1557909046.533:1546062244,10122E47-3887-E862-ABD8-74C4F36F5D6D:sshd,MMAP,B529BC2D-2FF5-75E0-B578-6BB967A2D7E2,/etc/passwd,null
1557909046.533:1546062200,10122E47-3887-E862-ABD8-74C4F36F5D6D:sshd,MMAP,6C077190-DBB6-664D-8280-B3D04B5DC371,/etc/shadow,null
1557909046.533:1546062197,10122E47-3887-E862-ABD8-74C4F36F5D6D:sshd,MMAP,B529BC2D-2FF5-75E0-B578-6BB967A2D7E2,/etc/passwd,null
1557909046.517:1546062148,10122E47-3887-E862-ABD8-74C4F36F5D6D:sshd,MMAP,6C077190-DBB6-664D-8280-B3D04B5DC371,/etc/shadow,null
1557909046.517:1546062145,10122E47-3887-E862-ABD8-74C4F36F5D6D:sshd,MMAP,B529BC2D-2FF5-75E0-B578-6BB967A2D7E2,/etc/passwd,null
1557909046.413:1546061720,10122E47-3887-E862-ABD8-74C4F36F5D6D:sshd,MMAP,B529BC2D-2FF5-75E0-B578-6BB967A2D7E2,/etc/passwd,null
1557909046.413:1546061688,10122E47-3887-E862-ABD8-74C4F36F5D6D:sshd,READ,ED1F91C8-517C-6835-0835-43FA2A19771C,/etc/hosts,null
1557909046.413:1546061687,10122E47-3887-E862-ABD8-74C4F36F5D6D:sshd,READ,ED1F91C8-517C-6835-0835-43FA2A19771C,/etc/hosts,null
1557909046.317:1546061272,10122E47-3887-E862-ABD8-74C4F36F5D6D:sshd,MMAP,B529BC2D-2FF5-75E0-B578-6BB967A2D7E2,/etc/passwd,null
1557909046.309:1546060996,96EC8B74-41C5-BD1D-8D6B-85709330502F:sshd,EXECUTE,10122E47-3887-E862-ABD8-74C4F36F5D6D,sshd,null
1557909046.309:1546060975,3E8119A1-F9B4-0931-53D3-3FF11EEA5228:sshd,FORK,96EC8B74-41C5-BD1D-8D6B-85709330502F,sshd,null
1557909020.165:1546000878,038E28BA-15D3-FE31-2A9A-F043A95E6E04:sshd,MMAP,B529BC2D-2FF5-75E0-B578-6BB967A2D7E2,/etc/passwd,null
1557909020.165:1546000831,038E28BA-15D3-FE31-2A9A-F043A95E6E04:sshd,MMAP,B529BC2D-2FF5-75E0-B578-6BB967A2D7E2,/etc/passwd,null
1557909020.161:1546000717,5B20A0D1-E249-91AD-03B0-EA6457953ECF:sshd,CHANGE_PRINCIPAL,038E28BA-15D3-FE31-2A9A-F043A95E6E04,sshd,null
1557909020.161:1546000716,5B20A0D1-E249-91AD-03B0-EA6457953ECF:sshd,CHANGE_PRINCIPAL,5B20A0D1-E249-91AD-03B0-EA6457953ECF,sshd,null
1557909020.161:1546000715,038E28BA-15D3-FE31-2A9A-F043A95E6E04:sshd,CHANGE_PRINCIPAL,5B20A0D1-E249-91AD-03B0-EA6457953ECF,sshd,null
1557909019.949:1546000172,4D22AACB-6714-DD0C-D73B-F467CA4FB851:ls,MMAP,B529BC2D-2FF5-75E0-B578-6BB967A2D7E2,/etc/passwd,null
1557909019.949:1546000059,04F25AAF-ACB8-9FD4-52CD-440D522F348D:bash,EXECUTE,4D22AACB-6714-DD0C-D73B-F467CA4FB851,b'ls --color=auto -la eraseme',null
1557909019.949:1546000051,BFF6663E-EA03-B212-F081-77ECF06CBAEA:bash,FORK,04F25AAF-ACB8-9FD4-52CD-440D522F348D,bash,null
1557909019.561:1545996299,BFF6663E-EA03-B212-F081-77ECF06CBAEA:bash,MMAP,B529BC2D-2FF5-75E0-B578-6BB967A2D7E2,/etc/passwd,null
1557909019.561:1545996216,CA25B32F-9499-274B-DAB1-830F28DC189F:sshd,EXECUTE,BFF6663E-EA03-B212-F081-77ECF06CBAEA,bash,null
1557909019.557:1545996071,516FC71E-9C07-0676-8029-EF5CF0C521E1:sshd,FORK,CA25B32F-9499-274B-DAB1-830F28DC189F,sshd,null
1557909019.557:1545996020,038E28BA-15D3-FE31-2A9A-F043A95E6E04:sshd,MMAP,B529BC2D-2FF5-75E0-B578-6BB967A2D7E2,/etc/passwd,null
1557909019.557:1545996014,038E28BA-15D3-FE31-2A9A-F043A95E6E04:sshd,MMAP,B529BC2D-2FF5-75E0-B578-6BB967A2D7E2,/etc/passwd,null
1557909019.557:1545995992,10CB87E8-EFBE-B469-B72D-14DE80DE151F:sshd,CHANGE_PRINCIPAL,516FC71E-9C07-0676-8029-EF5CF0C521E1,sshd,null
1557909019.557:1545995968,87FCD833-F7A1-C867-7FEC-82A46D586744:sshd,CHANGE_PRINCIPAL,10CB87E8-EFBE-B469-B72D-14DE80DE151F,sshd,null
1557909019.557:1545995965,038E28BA-15D3-FE31-2A9A-F043A95E6E04:sshd,FORK,87FCD833-F7A1-C867-7FEC-82A46D586744,sshd,null
1557909019.557:1545995956,038E28BA-15D3-FE31-2A9A-F043A95E6E04:sshd,MMAP,B529BC2D-2FF5-75E0-B578-6BB967A2D7E2,/etc/passwd,null
1557909019.557:1545995920,038E28BA-15D3-FE31-2A9A-F043A95E6E04:sshd,MMAP,B529BC2D-2FF5-75E0-B578-6BB967A2D7E2,/etc/passwd,null
1557909019.557:1545995917,038E28BA-15D3-FE31-2A9A-F043A95E6E04:sshd,MMAP,B529BC2D-2FF5-75E0-B578-6BB967A2D7E2,/etc/passwd,null
1557909019.557:1545995914,038E28BA-15D3-FE31-2A9A-F043A95E6E04:sshd,MMAP,B529BC2D-2FF5-75E0-B578-6BB967A2D7E2,/etc/passwd,null
1557909019.505:1545993738,21E16100-E9AC-8E04-5923-BAFDD6F91491:lsb_release,MMAP,B529BC2D-2FF5-75E0-B578-6BB967A2D7E2,/etc/passwd,null
1557909019.493:1545993476,DFA1F46E-6533-DA5E-29FA-C170BD8E524D:91-release-upgr,EXECUTE,21E16100-E9AC-8E04-5923-BAFDD6F91491,lsb_release,null
1557909019.493:1545993466,68DED41A-E49C-E931-AE77-06E59A8A0FF7:91-release-upgr,FORK,DFA1F46E-6533-DA5E-29FA-C170BD8E524D,91-release-upgr,null
1557909019.493:1545993458,1E991FB7-FCD7-3D8B-9123-578C6CFAFFF3:91-release-upgr,FORK,68DED41A-E49C-E931-AE77-06E59A8A0FF7,91-release-upgr,null
1557909019.493:1545993432,4FC6510D-EBA0-0630-C6ED-2CA5D7A55212:run-parts,EXECUTE,1E991FB7-FCD7-3D8B-9123-578C6CFAFFF3,91-release-upgr,null
1557909019.493:1545993431,3BE3FFDB-77A8-39C4-0238-E00BE8A4F9F0:run-parts,FORK,4FC6510D-EBA0-0630-C6ED-2CA5D7A55212,run-parts,null
1557909019.345:1545985085,230EDFA7-0756-94F9-FB59-17B8BC6BAE70:landscape-sysin,MMAP,B529BC2D-2FF5-75E0-B578-6BB967A2D7E2,/etc/passwd,null
1557909019.333:1545984653,EE432E7A-BB53-1CE1-4AA7-4E1B8FC26544:50-landscape-sy,EXECUTE,230EDFA7-0756-94F9-FB59-17B8BC6BAE70,landscape-sysin,null
1557909019.333:1545984651,2F08151F-687D-1297-844E-8B922100DDB3:50-landscape-sy,FORK,EE432E7A-BB53-1CE1-4AA7-4E1B8FC26544,50-landscape-sy,null
1557909019.325:1545984387,27C396A3-57B2-4B57-9D18-46061C5126F5:run-parts,EXECUTE,2F08151F-687D-1297-844E-8B922100DDB3,50-landscape-sy,null
1557909019.325:1545984381,3BE3FFDB-77A8-39C4-0238-E00BE8A4F9F0:run-parts,FORK,27C396A3-57B2-4B57-9D18-46061C5126F5,run-parts,null
1557909019.313:1545984045,E0DFA48A-3BDB-0054-5A68-854F0BD6FA7C:env,EXECUTE,3BE3FFDB-77A8-39C4-0238-E00BE8A4F9F0,run-parts,null
1557909019.313:1545984011,C4E92B4B-0961-2204-EDCC-B524B35B269D:sh,EXECUTE,E0DFA48A-3BDB-0054-5A68-854F0BD6FA7C,env,null
1557909019.309:1545983951,A2B70463-C108-F078-8A52-B2F16F676431:sh,FORK,C4E92B4B-0961-2204-EDCC-B524B35B269D,sh,null
1557909019.309:1545983906,5DB13B04-875C-2521-CF1B-5D5E7FC83710:sshd,EXECUTE,A2B70463-C108-F078-8A52-B2F16F676431,sh,null
1557909019.309:1545983882,038E28BA-15D3-FE31-2A9A-F043A95E6E04:sshd,FORK,5DB13B04-875C-2521-CF1B-5D5E7FC83710,sshd,null
1557909019.309:1545983869,038E28BA-15D3-FE31-2A9A-F043A95E6E04:sshd,MMAP,B529BC2D-2FF5-75E0-B578-6BB967A2D7E2,/etc/passwd,null
1557909019.293:1545983679,038E28BA-15D3-FE31-2A9A-F043A95E6E04:sshd,MMAP,B529BC2D-2FF5-75E0-B578-6BB967A2D7E2,/etc/passwd,null
1557909019.293:1545983628,038E28BA-15D3-FE31-2A9A-F043A95E6E04:sshd,MMAP,B529BC2D-2FF5-75E0-B578-6BB967A2D7E2,/etc/passwd,null
1557909019.289:1545983616,7E20F767-34BF-E2E0-A9AA-8180E07DFEC6:sshd,CHANGE_PRINCIPAL,038E28BA-15D3-FE31-2A9A-F043A95E6E04,sshd,null
1557909019.289:1545983615,88244FCF-8A82-6B88-4BD6-DFE991F9EED9:sshd,CHANGE_PRINCIPAL,7E20F767-34BF-E2E0-A9AA-8180E07DFEC6,sshd,null
1557909019.289:1545983614,7E20F767-34BF-E2E0-A9AA-8180E07DFEC6:sshd,CHANGE_PRINCIPAL,88244FCF-8A82-6B88-4BD6-DFE991F9EED9,sshd,null
1557909019.289:1545983613,038E28BA-15D3-FE31-2A9A-F043A95E6E04:sshd,CHANGE_PRINCIPAL,7E20F767-34BF-E2E0-A9AA-8180E07DFEC6,sshd,null
1557909019.289:1545983611,038E28BA-15D3-FE31-2A9A-F043A95E6E04:sshd,MMAP,B529BC2D-2FF5-75E0-B578-6BB967A2D7E2,/etc/passwd,null
1557909019.289:1545983597,038E28BA-15D3-FE31-2A9A-F043A95E6E04:sshd,MMAP,B529BC2D-2FF5-75E0-B578-6BB967A2D7E2,/etc/passwd,null
1557909019.289:1545983557,038E28BA-15D3-FE31-2A9A-F043A95E6E04:sshd,MMAP,6C077190-DBB6-664D-8280-B3D04B5DC371,/etc/shadow,null
1557909019.289:1545983554,038E28BA-15D3-FE31-2A9A-F043A95E6E04:sshd,MMAP,B529BC2D-2FF5-75E0-B578-6BB967A2D7E2,/etc/passwd,null
1557909019.277:1545983501,038E28BA-15D3-FE31-2A9A-F043A95E6E04:sshd,MMAP,6C077190-DBB6-664D-8280-B3D04B5DC371,/etc/shadow,null
1557909019.277:1545983498,038E28BA-15D3-FE31-2A9A-F043A95E6E04:sshd,MMAP,B529BC2D-2FF5-75E0-B578-6BB967A2D7E2,/etc/passwd,null
1557909019.173:1545983078,038E28BA-15D3-FE31-2A9A-F043A95E6E04:sshd,MMAP,B529BC2D-2FF5-75E0-B578-6BB967A2D7E2,/etc/passwd,null
1557909019.173:1545983046,038E28BA-15D3-FE31-2A9A-F043A95E6E04:sshd,READ,ED1F91C8-517C-6835-0835-43FA2A19771C,/etc/hosts,null
1557909019.173:1545983045,038E28BA-15D3-FE31-2A9A-F043A95E6E04:sshd,READ,ED1F91C8-517C-6835-0835-43FA2A19771C,/etc/hosts,null
1557909019.105:1545982691,038E28BA-15D3-FE31-2A9A-F043A95E6E04:sshd,MMAP,B529BC2D-2FF5-75E0-B578-6BB967A2D7E2,/etc/passwd,null
1557909019.093:1545982425,AE7C765C-97A7-9C45-051E-69240350A82E:sshd,EXECUTE,038E28BA-15D3-FE31-2A9A-F043A95E6E04,sshd,null
1557909019.093:1545982395,3E8119A1-F9B4-0931-53D3-3FF11EEA5228:sshd,FORK,AE7C765C-97A7-9C45-051E-69240350A82E,sshd,null
1557908959.953:1545850167,C9CEFBD1-6ECE-463E-6E1F-5A88BD4AB93A:sshd,MMAP,B529BC2D-2FF5-75E0-B578-6BB967A2D7E2,/etc/passwd,null
1557908959.949:1545850066,D7AFCEAB-AA5C-178C-F9CF-9D7B28EAA7F5:sshd,CHANGE_PRINCIPAL,C9CEFBD1-6ECE-463E-6E1F-5A88BD4AB93A,sshd,null
1557908959.949:1545850065,D7AFCEAB-AA5C-178C-F9CF-9D7B28EAA7F5:sshd,CHANGE_PRINCIPAL,D7AFCEAB-AA5C-178C-F9CF-9D7B28EAA7F5,sshd,null
1557908959.949:1545850064,C9CEFBD1-6ECE-463E-6E1F-5A88BD4AB93A:sshd,CHANGE_PRINCIPAL,D7AFCEAB-AA5C-178C-F9CF-9D7B28EAA7F5,sshd,null
1557908959.949:1545850009,C9CEFBD1-6ECE-463E-6E1F-5A88BD4AB93A:sshd,MMAP,B529BC2D-2FF5-75E0-B578-6BB967A2D7E2,/etc/passwd,null
1557908959.833:1545849590,5EF8C278-1923-ED23-CE88-C6932C042C8A:chsh,MMAP,6C077190-DBB6-664D-8280-B3D04B5DC371,/etc/shadow,null
1557908959.829:1545849538,5EF8C278-1923-ED23-CE88-C6932C042C8A:chsh,MMAP,6C077190-DBB6-664D-8280-B3D04B5DC371,/etc/shadow,null
1557908959.713:1545848946,EF9FA776-1294-BF51-EDDB-A587F0E98360:bash,EXECUTE,5EF8C278-1923-ED23-CE88-C6932C042C8A,b'chsh -s /bin/bash admin',null
1557908959.713:1545848946,780D3C30-CE8E-8EFC-2B16-B66598000548:bash,CHANGE_PRINCIPAL,EF9FA776-1294-BF51-EDDB-A587F0E98360,bash,null
1557908959.713:1545848938,D426D3B0-F601-2F41-7827-E6CAF8FB1D9C:bash,FORK,780D3C30-CE8E-8EFC-2B16-B66598000548,bash,null
1557908959.481:1545845628,D8DAB0DA-19B9-DD89-8149-C2872314710D:sshd,EXECUTE,D426D3B0-F601-2F41-7827-E6CAF8FB1D9C,bash,null
1557908959.477:1545845514,B1373B42-B3FD-9DBC-7490-ACBAC816F3CB:sshd,FORK,D8DAB0DA-19B9-DD89-8149-C2872314710D,sshd,null
1557908959.477:1545845441,365B1C10-5AA5-5C33-9A90-B4DC06E3CC28:sshd,CHANGE_PRINCIPAL,B1373B42-B3FD-9DBC-7490-ACBAC816F3CB,sshd,null
1557908959.477:1545845419,4D5CB02C-EC61-AA51-0FAF-2D1CE39CD3E8:sshd,CHANGE_PRINCIPAL,365B1C10-5AA5-5C33-9A90-B4DC06E3CC28,sshd,null
1557908959.477:1545845416,C9CEFBD1-6ECE-463E-6E1F-5A88BD4AB93A:sshd,FORK,4D5CB02C-EC61-AA51-0FAF-2D1CE39CD3E8,sshd,null
1557908959.121:1545832539,8983ABE5-0A25-919C-3EA2-0E3AA3B589B8:sshd,CHANGE_PRINCIPAL,C9CEFBD1-6ECE-463E-6E1F-5A88BD4AB93A,sshd,null
1557908959.121:1545832538,C643BC26-9B68-27A1-A0C6-350476416ACB:sshd,CHANGE_PRINCIPAL,8983ABE5-0A25-919C-3EA2-0E3AA3B589B8,sshd,null
1557908959.121:1545832537,8983ABE5-0A25-919C-3EA2-0E3AA3B589B8:sshd,CHANGE_PRINCIPAL,C643BC26-9B68-27A1-A0C6-350476416ACB,sshd,null
1557908959.121:1545832536,C9CEFBD1-6ECE-463E-6E1F-5A88BD4AB93A:sshd,CHANGE_PRINCIPAL,8983ABE5-0A25-919C-3EA2-0E3AA3B589B8,sshd,null
1557908959.121:1545832479,C9CEFBD1-6ECE-463E-6E1F-5A88BD4AB93A:sshd,MMAP,6C077190-DBB6-664D-8280-B3D04B5DC371,/etc/shadow,null
1557908959.113:1545832423,C9CEFBD1-6ECE-463E-6E1F-5A88BD4AB93A:sshd,MMAP,6C077190-DBB6-664D-8280-B3D04B5DC371,/etc/shadow,null
1557908959.009:1545831940,C9CEFBD1-6ECE-463E-6E1F-5A88BD4AB93A:sshd,READ,ED1F91C8-517C-6835-0835-43FA2A19771C,/etc/hosts,null
1557908959.009:1545831939,C9CEFBD1-6ECE-463E-6E1F-5A88BD4AB93A:sshd,READ,ED1F91C8-517C-6835-0835-43FA2A19771C,/etc/hosts,null
1557908958.913:1545831277,6A66EDF1-B6BF-DE7A-76A4-ABC1466B4EC9:sshd,EXECUTE,C9CEFBD1-6ECE-463E-6E1F-5A88BD4AB93A,sshd,null
1557908958.913:1545831253,3E8119A1-F9B4-0931-53D3-3FF11EEA5228:sshd,FORK,6A66EDF1-B6BF-DE7A-76A4-ABC1466B4EC9,sshd,null
1557908785.604:1545432779,50A26B92-0583-AD01-F877-093D2AD8329B:sshd,MMAP,6C077190-DBB6-664D-8280-B3D04B5DC371,/etc/shadow,null
1557908785.600:1545432751,50A26B92-0583-AD01-F877-093D2AD8329B:sshd,MMAP,6C077190-DBB6-664D-8280-B3D04B5DC371,/etc/shadow,null
1557908785.496:1545432267,50A26B92-0583-AD01-F877-093D2AD8329B:sshd,READ,ED1F91C8-517C-6835-0835-43FA2A19771C,/etc/hosts,null
1557908785.496:1545432266,50A26B92-0583-AD01-F877-093D2AD8329B:sshd,READ,ED1F91C8-517C-6835-0835-43FA2A19771C,/etc/hosts,null
1557908785.420:1545431655,1A8F16CA-3405-83FC-B981-C4D83DAB08B5:sshd,EXECUTE,50A26B92-0583-AD01-F877-093D2AD8329B,sshd,null
1557908785.420:1545431634,3E8119A1-F9B4-0931-53D3-3FF11EEA5228:sshd,FORK,1A8F16CA-3405-83FC-B981-C4D83DAB08B5,sshd,null
1557908602.855:1545041146,947EDA30-8C93-1CCE-D540-C4D058AF494E:wget,READ,ED1F91C8-517C-6835-0835-43FA2A19771C,/etc/hosts,null
1557908602.855:1545041145,947EDA30-8C93-1CCE-D540-C4D058AF494E:wget,READ,ED1F91C8-517C-6835-0835-43FA2A19771C,/etc/hosts,null
1557908602.087:1545023623,48E39CE2-E603-0AA4-0F4D-7BD4B1886ECB:sshd,MMAP,6C077190-DBB6-664D-8280-B3D04B5DC371,/etc/shadow,null
1557908602.075:1545023571,48E39CE2-E603-0AA4-0F4D-7BD4B1886ECB:sshd,MMAP,6C077190-DBB6-664D-8280-B3D04B5DC371,/etc/shadow,null
1557908601.959:1545023061,48E39CE2-E603-0AA4-0F4D-7BD4B1886ECB:sshd,READ,ED1F91C8-517C-6835-0835-43FA2A19771C,/etc/hosts,null
1557908601.959:1545023060,48E39CE2-E603-0AA4-0F4D-7BD4B1886ECB:sshd,READ,ED1F91C8-517C-6835-0835-43FA2A19771C,/etc/hosts,null
1557908601.855:1545022389,25D9D31D-4B5D-797F-794F-E732458F4169:sshd,EXECUTE,48E39CE2-E603-0AA4-0F4D-7BD4B1886ECB,sshd,null
1557908601.855:1545022368,3E8119A1-F9B4-0931-53D3-3FF11EEA5228:sshd,FORK,25D9D31D-4B5D-797F-794F-E732458F4169,sshd,null
1557908389.798:1544558070,3DA30D83-51F8-36B1-27CD-15D8B9CEC03D:sshd,MMAP,6C077190-DBB6-664D-8280-B3D04B5DC371,/etc/shadow,null
1557908389.790:1544558038,3DA30D83-51F8-36B1-27CD-15D8B9CEC03D:sshd,MMAP,6C077190-DBB6-664D-8280-B3D04B5DC371,/etc/shadow,null
1557908389.686:1544557556,3DA30D83-51F8-36B1-27CD-15D8B9CEC03D:sshd,READ,ED1F91C8-517C-6835-0835-43FA2A19771C,/etc/hosts,null
1557908389.686:1544557555,3DA30D83-51F8-36B1-27CD-15D8B9CEC03D:sshd,READ,ED1F91C8-517C-6835-0835-43FA2A19771C,/etc/hosts,null
1557908389.610:1544556921,121A7C67-42C0-F887-5556-3E2A12214B54:sshd,EXECUTE,3DA30D83-51F8-36B1-27CD-15D8B9CEC03D,sshd,null
1557908389.610:1544556900,3E8119A1-F9B4-0931-53D3-3FF11EEA5228:sshd,FORK,121A7C67-42C0-F887-5556-3E2A12214B54,sshd,null
1557908327.874:1544405509,3DDF4723-C68E-A272-778B-9ACE97068641:sshd,MMAP,6C077190-DBB6-664D-8280-B3D04B5DC371,/etc/shadow,null
1557908327.866:1544405481,3DDF4723-C68E-A272-778B-9ACE97068641:sshd,MMAP,6C077190-DBB6-664D-8280-B3D04B5DC371,/etc/shadow,null
1557908327.762:1544404999,3DDF4723-C68E-A272-778B-9ACE97068641:sshd,READ,ED1F91C8-517C-6835-0835-43FA2A19771C,/etc/hosts,null
1557908327.762:1544404998,3DDF4723-C68E-A272-778B-9ACE97068641:sshd,READ,ED1F91C8-517C-6835-0835-43FA2A19771C,/etc/hosts,null
1557908327.666:1544404303,9705CCE9-526D-FEB8-84E2-C41B026D4A38:sshd,EXECUTE,3DDF4723-C68E-A272-778B-9ACE97068641,sshd,null
1557908327.666:1544404282,3E8119A1-F9B4-0931-53D3-3FF11EEA5228:sshd,FORK,9705CCE9-526D-FEB8-84E2-C41B026D4A38,sshd,null
1557908221.754:1544184469,862EAA03-EB95-47A6-DBBC-1D9F8B059FC2:cron,MMAP,6C077190-DBB6-664D-8280-B3D04B5DC371,/etc/shadow,null
1557908118.777:1543946662,065DE380-30A3-4B02-EABB-E48BCBA9F96B:sshd,MMAP,6C077190-DBB6-664D-8280-B3D04B5DC371,/etc/shadow,null
1557908118.773:1543946634,065DE380-30A3-4B02-EABB-E48BCBA9F96B:sshd,MMAP,6C077190-DBB6-664D-8280-B3D04B5DC371,/etc/shadow,null
1557908118.669:1543945991,065DE380-30A3-4B02-EABB-E48BCBA9F96B:sshd,READ,ED1F91C8-517C-6835-0835-43FA2A19771C,/etc/hosts,null
1557908118.669:1543945990,065DE380-30A3-4B02-EABB-E48BCBA9F96B:sshd,READ,ED1F91C8-517C-6835-0835-43FA2A19771C,/etc/hosts,null
1557908118.589:1543944811,20EA3157-627A-AB1C-F6B7-E4F7151200DF:sshd,EXECUTE,065DE380-30A3-4B02-EABB-E48BCBA9F96B,sshd,null
1557908118.589:1543944790,3E8119A1-F9B4-0931-53D3-3FF11EEA5228:sshd,FORK,20EA3157-627A-AB1C-F6B7-E4F7151200DF,sshd,null
1557908056.597:1543796406,86DC20BA-3856-8819-4869-0C5371320D51:sshd,MMAP,6C077190-DBB6-664D-8280-B3D04B5DC371,/etc/shadow,null
1557908056.589:1543796354,86DC20BA-3856-8819-4869-0C5371320D51:sshd,MMAP,6C077190-DBB6-664D-8280-B3D04B5DC371,/etc/shadow,null
1557908056.485:1543795895,86DC20BA-3856-8819-4869-0C5371320D51:sshd,READ,ED1F91C8-517C-6835-0835-43FA2A19771C,/etc/hosts,null
1557908056.485:1543795894,86DC20BA-3856-8819-4869-0C5371320D51:sshd,READ,ED1F91C8-517C-6835-0835-43FA2A19771C,/etc/hosts,null
1557908056.381:1543795199,288A7C7D-56FC-EDD5-B937-D71A10A15408:sshd,EXECUTE,86DC20BA-3856-8819-4869-0C5371320D51,sshd,null
1557908056.377:1543795178,3E8119A1-F9B4-0931-53D3-3FF11EEA5228:sshd,FORK,288A7C7D-56FC-EDD5-B937-D71A10A15408,sshd,null
1557907945.685:1543531294,F2F7AF10-2626-D746-0261-53EE073C2D56:sshd,MMAP,6C077190-DBB6-664D-8280-B3D04B5DC371,/etc/shadow,null
1557907945.677:1543531262,F2F7AF10-2626-D746-0261-53EE073C2D56:sshd,MMAP,6C077190-DBB6-664D-8280-B3D04B5DC371,/etc/shadow,null
1557907945.573:1543530776,F2F7AF10-2626-D746-0261-53EE073C2D56:sshd,READ,ED1F91C8-517C-6835-0835-43FA2A19771C,/etc/hosts,null
1557907945.573:1543530775,F2F7AF10-2626-D746-0261-53EE073C2D56:sshd,READ,ED1F91C8-517C-6835-0835-43FA2A19771C,/etc/hosts,null
1557907945.481:1543530101,9C829431-B925-1652-1048-582377F04039:sshd,EXECUTE,F2F7AF10-2626-D746-0261-53EE073C2D56,sshd,null
1557907945.481:1543530074,3E8119A1-F9B4-0931-53D3-3FF11EEA5228:sshd,FORK,9C829431-B925-1652-1048-582377F04039,sshd,null
1557907930.477:1543473630,B93A3E2B-AA2B-4BE8-FF7E-58A4A3DE8437:sshd,MMAP,6C077190-DBB6-664D-8280-B3D04B5DC371,/etc/shadow,null
1557907930.473:1543473592,B93A3E2B-AA2B-4BE8-FF7E-58A4A3DE8437:sshd,MMAP,6C077190-DBB6-664D-8280-B3D04B5DC371,/etc/shadow,null
1557907930.369:1543473117,B93A3E2B-AA2B-4BE8-FF7E-58A4A3DE8437:sshd,READ,ED1F91C8-517C-6835-0835-43FA2A19771C,/etc/hosts,null
1557907930.369:1543473116,B93A3E2B-AA2B-4BE8-FF7E-58A4A3DE8437:sshd,READ,ED1F91C8-517C-6835-0835-43FA2A19771C,/etc/hosts,null
1557907930.277:1543472424,F72C91CD-1FCD-55A2-7A7B-B735BFBF903E:sshd,EXECUTE,B93A3E2B-AA2B-4BE8-FF7E-58A4A3DE8437,sshd,null
1557907930.277:1543472402,3E8119A1-F9B4-0931-53D3-3FF11EEA5228:sshd,FORK,F72C91CD-1FCD-55A2-7A7B-B735BFBF903E,sshd,null
1557907845.024:1543280571,8E672D44-EF9D-BF26-B41F-CF81D750063A:bash,EXECUTE,02C5F718-D3C6-444E-35A2-709E3AFB9A63,b'ps',null
1557907845.024:1543280555,41268A30-395A-E20F-A1DA-4036128CF469:bash,FORK,8E672D44-EF9D-BF26-B41F-CF81D750063A,bash,null
1557907844.704:1543277285,96EE0691-550D-8C02-69C4-6E261D1C5E31:sshd,EXECUTE,41268A30-395A-E20F-A1DA-4036128CF469,bash,null
1557907844.700:1543277161,2E5C52A0-DF7A-8B36-94E9-EE555001CDF6:sshd,FORK,96EE0691-550D-8C02-69C4-6E261D1C5E31,sshd,null
1557907844.696:1543277085,89F042D1-305E-C5E1-F2D9-2F642C86E744:sshd,CHANGE_PRINCIPAL,2E5C52A0-DF7A-8B36-94E9-EE555001CDF6,sshd,null
1557907844.696:1543277063,362DE68B-E979-2525-FBBA-E6D100480BC9:sshd,CHANGE_PRINCIPAL,89F042D1-305E-C5E1-F2D9-2F642C86E744,sshd,null
1557907844.696:1543277058,13B6673E-3C5B-9486-D24A-01A1A76BD659:sshd,FORK,362DE68B-E979-2525-FBBA-E6D100480BC9,sshd,null
1557907844.436:1543263860,7D610B01-9A3F-D8F3-BA1E-E2CB98FBE9F9:sshd,CHANGE_PRINCIPAL,13B6673E-3C5B-9486-D24A-01A1A76BD659,sshd,null
1557907844.436:1543263859,339C981E-5FB9-A32E-8667-526D70BA6FB3:sshd,CHANGE_PRINCIPAL,7D610B01-9A3F-D8F3-BA1E-E2CB98FBE9F9,sshd,null
1557907844.436:1543263858,7D610B01-9A3F-D8F3-BA1E-E2CB98FBE9F9:sshd,CHANGE_PRINCIPAL,339C981E-5FB9-A32E-8667-526D70BA6FB3,sshd,null
1557907844.436:1543263857,13B6673E-3C5B-9486-D24A-01A1A76BD659:sshd,CHANGE_PRINCIPAL,7D610B01-9A3F-D8F3-BA1E-E2CB98FBE9F9,sshd,null
1557907844.432:1543263790,13B6673E-3C5B-9486-D24A-01A1A76BD659:sshd,MMAP,6C077190-DBB6-664D-8280-B3D04B5DC371,/etc/shadow,null
1557907844.420:1543263752,13B6673E-3C5B-9486-D24A-01A1A76BD659:sshd,MMAP,6C077190-DBB6-664D-8280-B3D04B5DC371,/etc/shadow,null
1557907844.260:1543263237,13B6673E-3C5B-9486-D24A-01A1A76BD659:sshd,READ,ED1F91C8-517C-6835-0835-43FA2A19771C,/etc/hosts,null
1557907844.260:1543263236,13B6673E-3C5B-9486-D24A-01A1A76BD659:sshd,READ,ED1F91C8-517C-6835-0835-43FA2A19771C,/etc/hosts,null
1557907844.144:1543262603,E581230A-A480-29E4-550E-10E6CA076104:sshd,EXECUTE,13B6673E-3C5B-9486-D24A-01A1A76BD659,sshd,null
1557907844.144:1543262582,3E8119A1-F9B4-0931-53D3-3FF11EEA5228:sshd,FORK,E581230A-A480-29E4-550E-10E6CA076104,sshd,null
1557907787.936:1542705149,E5560BE3-94D2-0B91-B4D9-DBD92E57C17A:sshd,MMAP,6C077190-DBB6-664D-8280-B3D04B5DC371,/etc/shadow,null
1557907787.924:1542705120,E5560BE3-94D2-0B91-B4D9-DBD92E57C17A:sshd,MMAP,6C077190-DBB6-664D-8280-B3D04B5DC371,/etc/shadow,null
1557907787.820:1542704676,E5560BE3-94D2-0B91-B4D9-DBD92E57C17A:sshd,READ,ED1F91C8-517C-6835-0835-43FA2A19771C,/etc/hosts,null
1557907787.820:1542704675,E5560BE3-94D2-0B91-B4D9-DBD92E57C17A:sshd,READ,ED1F91C8-517C-6835-0835-43FA2A19771C,/etc/hosts,null
1557907787.720:1542704029,CE8FD169-7CEF-7657-35F8-6DFA7915D88F:sshd,EXECUTE,E5560BE3-94D2-0B91-B4D9-DBD92E57C17A,sshd,null
1557907787.720:1542704008,3E8119A1-F9B4-0931-53D3-3FF11EEA5228:sshd,FORK,CE8FD169-7CEF-7657-35F8-6DFA7915D88F,sshd,null
