1557570649.285:1170526112,95908E0C-8AD2-1BCF-5E4A-A33D17551B81:update-motd-fsc,EXECUTE,F2B64EAC-E00C-D815-F9DE-27E076AD9AEC,cat,ta1-trace-2
1557570649.281:1170526107,B3306E45-348E-7662-7A3E-F096ABDFF134:update-motd-fsc,FORK,95908E0C-8AD2-1BCF-5E4A-A33D17551B81,update-motd-fsc,ta1-trace-2
1557570649.281:1170525891,15F0C2F2-281B-396E-FB28-2621BB24E826:98-fsck-at-rebo,EXECUTE,B3306E45-348E-7662-7A3E-F096ABDFF134,update-motd-fsc,ta1-trace-2
1557570649.281:1170525869,7DE51B2A-BC2E-1E70-20CA-FECFA95F35F1:run-parts,EXECUTE,15F0C2F2-281B-396E-FB28-2621BB24E826,98-fsck-at-rebo,ta1-trace-2
1557570649.281:1170525868,50229A6C-B632-91A5-27D7-3774B51ECAE8:run-parts,FORK,7DE51B2A-BC2E-1E70-20CA-FECFA95F35F1,run-parts,ta1-trace-2
1557570649.277:1170525819,FCF4250B-4E44-B303-0F7E-9AE87B8F9707:update-motd-hwe,EXECUTE,160ED5C7-6BC6-2F5F-B0C4-2F413AE4C244,cat,ta1-trace-2
1557570649.277:1170525817,24A86609-1E7C-3459-A910-5483DD9CA708:update-motd-hwe,FORK,FCF4250B-4E44-B303-0F7E-9AE87B8F9707,update-motd-hwe,ta1-trace-2
1557570649.257:1170524422,3F98A071-2FA9-C061-41B1-9FB58AB34339:95-hwe-eol,EXECUTE,24A86609-1E7C-3459-A910-5483DD9CA708,update-motd-hwe,ta1-trace-2
1557570649.257:1170524401,8BC65233-3F0A-EEFF-7D6F-9E4CB6B38E28:run-parts,EXECUTE,3F98A071-2FA9-C061-41B1-9FB58AB34339,95-hwe-eol,ta1-trace-2
1557570649.257:1170524396,50229A6C-B632-91A5-27D7-3774B51ECAE8:run-parts,FORK,8BC65233-3F0A-EEFF-7D6F-9E4CB6B38E28,run-parts,ta1-trace-2
1557570649.221:1170523699,95E76B2C-2A7C-C342-F705-C88A6EF248CC:update-motd-upd,EXECUTE,E979E4CF-3B7F-E879-039C-23F0B91E1779,cat,ta1-trace-2
1557570649.221:1170523697,4DC4F4BD-332A-1DA7-4234-7832C47A61A0:update-motd-upd,FORK,95E76B2C-2A7C-C342-F705-C88A6EF248CC,update-motd-upd,ta1-trace-2
1557570649.201:1170522608,35AAA064-8356-79D6-5B4E-FBDADA2F02C6:90-updates-avai,EXECUTE,4DC4F4BD-332A-1DA7-4234-7832C47A61A0,update-motd-upd,ta1-trace-2
1557570649.201:1170522587,B14978EE-24DD-9B8B-6FA3-507770534D94:run-parts,EXECUTE,35AAA064-8356-79D6-5B4E-FBDADA2F02C6,90-updates-avai,ta1-trace-2
1557570649.201:1170522586,50229A6C-B632-91A5-27D7-3774B51ECAE8:run-parts,FORK,B14978EE-24DD-9B8B-6FA3-507770534D94,run-parts,ta1-trace-2
1557570649.061:1170514394,890D0B60-E57E-B864-62EC-C5532DE83DD0:env,EXECUTE,50229A6C-B632-91A5-27D7-3774B51ECAE8,run-parts,ta1-trace-2
1557570649.061:1170514375,01DF3F88-760D-9960-47B6-26DD5F5E4987:sh,EXECUTE,890D0B60-E57E-B864-62EC-C5532DE83DD0,env,ta1-trace-2
1557570649.061:1170514364,6D9A81F4-0340-2FD4-6309-6BCB7628DEA5:sh,FORK,01DF3F88-760D-9960-47B6-26DD5F5E4987,sh,ta1-trace-2
1557570649.061:1170514316,FC71DF60-AA89-88AA-C27C-EDD3C1FB8D0D:sshd,EXECUTE,6D9A81F4-0340-2FD4-6309-6BCB7628DEA5,sh,ta1-trace-2
1557570649.061:1170514286,CD9180B2-B2E4-D146-7E65-22C9F708673F:sshd,FORK,FC71DF60-AA89-88AA-C27C-EDD3C1FB8D0D,sshd,ta1-trace-2
1557570649.037:1170513997,21F898ED-1F01-4DA1-AE9E-1B672DD644F8:sshd,CHANGE_PRINCIPAL,CD9180B2-B2E4-D146-7E65-22C9F708673F,sshd,ta1-trace-2
1557570649.037:1170513996,D9197282-32DE-F626-D4F9-3CBA87796BE0:sshd,CHANGE_PRINCIPAL,21F898ED-1F01-4DA1-AE9E-1B672DD644F8,sshd,ta1-trace-2
1557570649.037:1170513995,21F898ED-1F01-4DA1-AE9E-1B672DD644F8:sshd,CHANGE_PRINCIPAL,D9197282-32DE-F626-D4F9-3CBA87796BE0,sshd,ta1-trace-2
1557570649.037:1170513994,CD9180B2-B2E4-D146-7E65-22C9F708673F:sshd,CHANGE_PRINCIPAL,21F898ED-1F01-4DA1-AE9E-1B672DD644F8,sshd,ta1-trace-2
1557570649.037:1170513938,CD9180B2-B2E4-D146-7E65-22C9F708673F:sshd,MMAP,07E87BAE-732D-D58F-383B-111629036544,/etc/shadow,ta1-trace-2
1557570649.029:1170513882,CD9180B2-B2E4-D146-7E65-22C9F708673F:sshd,MMAP,07E87BAE-732D-D58F-383B-111629036544,/etc/shadow,ta1-trace-2
1557570648.929:1170513400,CD9180B2-B2E4-D146-7E65-22C9F708673F:sshd,READ,573E5010-1713-BD2C-2998-A48580BDA4D4,/etc/hosts,ta1-trace-2
1557570648.929:1170513399,CD9180B2-B2E4-D146-7E65-22C9F708673F:sshd,READ,573E5010-1713-BD2C-2998-A48580BDA4D4,/etc/hosts,ta1-trace-2
1557570648.865:1170512817,213580B5-5F82-FE8B-051B-CCB13A0DB623:sshd,EXECUTE,CD9180B2-B2E4-D146-7E65-22C9F708673F,sshd,ta1-trace-2
1557570648.865:1170512796,DEF8FC47-7A9A-FBED-6B2A-08B2189BECCD:sshd,FORK,213580B5-5F82-FE8B-051B-CCB13A0DB623,sshd,ta1-trace-2
1557570541.872:1170266353,9F22CE8F-E2EA-41A0-68A3-3000F779C301:update-motd-fsc,EXECUTE,DE279E49-5A01-F987-846F-AA7A9FE6B8FA,cat,ta1-trace-2
1557570541.872:1170266351,316B55EB-7D2B-B666-291C-E5AE854D0E99:update-motd-fsc,FORK,9F22CE8F-E2EA-41A0-68A3-3000F779C301,update-motd-fsc,ta1-trace-2
1557570541.872:1170266136,E99E3723-81EB-E8FD-A372-071B59CB8244:98-fsck-at-rebo,EXECUTE,316B55EB-7D2B-B666-291C-E5AE854D0E99,update-motd-fsc,ta1-trace-2
1557570541.868:1170266114,DB0A8F63-31D0-524C-B6DF-7F3446657D20:run-parts,EXECUTE,E99E3723-81EB-E8FD-A372-071B59CB8244,98-fsck-at-rebo,ta1-trace-2
1557570541.868:1170266113,8F89A735-992E-F271-AC7E-97BD7BA83558:run-parts,FORK,DB0A8F63-31D0-524C-B6DF-7F3446657D20,run-parts,ta1-trace-2
1557570541.868:1170266064,DA239D02-13A4-326F-6B6D-39314C94538F:update-motd-hwe,EXECUTE,F4FF7C3B-42EC-CD89-EF39-4D99F44C19CF,cat,ta1-trace-2
1557570541.868:1170266062,2C3F94C2-17D2-5B5C-6CC5-81731F94FD03:update-motd-hwe,FORK,DA239D02-13A4-326F-6B6D-39314C94538F,update-motd-hwe,ta1-trace-2
1557570541.848:1170264667,B80695E1-CD4F-7FA0-BD2F-F6A1506ABD74:95-hwe-eol,EXECUTE,2C3F94C2-17D2-5B5C-6CC5-81731F94FD03,update-motd-hwe,ta1-trace-2
1557570541.848:1170264646,DB74E306-1FB2-1506-156A-558E6C7D0A8D:run-parts,EXECUTE,B80695E1-CD4F-7FA0-BD2F-F6A1506ABD74,95-hwe-eol,ta1-trace-2
1557570541.848:1170264645,8F89A735-992E-F271-AC7E-97BD7BA83558:run-parts,FORK,DB74E306-1FB2-1506-156A-558E6C7D0A8D,run-parts,ta1-trace-2
1557570541.816:1170263944,2423DDD8-6D1A-5636-9B11-118CEBAAC0BE:update-motd-upd,EXECUTE,8D4D5512-9B19-6C92-A3F5-0D6ACA05A91F,cat,ta1-trace-2
1557570541.816:1170263942,E36F577A-F755-56CE-B400-609D8B70472A:update-motd-upd,FORK,2423DDD8-6D1A-5636-9B11-118CEBAAC0BE,update-motd-upd,ta1-trace-2
1557570541.800:1170262882,5F467FE0-D23E-4838-D0DA-1149B2999CE6:90-updates-avai,EXECUTE,E36F577A-F755-56CE-B400-609D8B70472A,update-motd-upd,ta1-trace-2
1557570541.800:1170262861,6B4C34E2-AAD1-9EBB-8A00-4864EAF09AB0:run-parts,EXECUTE,5F467FE0-D23E-4838-D0DA-1149B2999CE6,90-updates-avai,ta1-trace-2
1557570541.800:1170262860,8F89A735-992E-F271-AC7E-97BD7BA83558:run-parts,FORK,6B4C34E2-AAD1-9EBB-8A00-4864EAF09AB0,run-parts,ta1-trace-2
1557570541.660:1170254650,E028038B-CFF7-6536-BF92-B2CB12376096:env,EXECUTE,8F89A735-992E-F271-AC7E-97BD7BA83558,run-parts,ta1-trace-2
1557570541.660:1170254615,3852D863-1448-F07B-60EF-5C85C7DF8B0A:sh,EXECUTE,E028038B-CFF7-6536-BF92-B2CB12376096,env,ta1-trace-2
1557570541.660:1170254604,8F08DFCF-BCC1-4C0A-90DB-31640786D687:sh,FORK,3852D863-1448-F07B-60EF-5C85C7DF8B0A,sh,ta1-trace-2
1557570541.660:1170254540,B3FF6FA4-4E03-7B47-C43E-DFC5F4CEBF51:sshd,EXECUTE,8F08DFCF-BCC1-4C0A-90DB-31640786D687,sh,ta1-trace-2
1557570541.660:1170254527,49CF02D3-E99B-DA5E-9746-564FC39443B6:sshd,FORK,B3FF6FA4-4E03-7B47-C43E-DFC5F4CEBF51,sshd,ta1-trace-2
1557570541.628:1170253858,A2503405-0C45-C8FE-D57E-074763B2BE59:sshd,CHANGE_PRINCIPAL,49CF02D3-E99B-DA5E-9746-564FC39443B6,sshd,ta1-trace-2
1557570541.628:1170253857,5163B60E-291F-EC59-CA68-F163C86F8EDC:sshd,CHANGE_PRINCIPAL,A2503405-0C45-C8FE-D57E-074763B2BE59,sshd,ta1-trace-2
1557570541.628:1170253855,A2503405-0C45-C8FE-D57E-074763B2BE59:sshd,CHANGE_PRINCIPAL,5163B60E-291F-EC59-CA68-F163C86F8EDC,sshd,ta1-trace-2
1557570541.628:1170253854,49CF02D3-E99B-DA5E-9746-564FC39443B6:sshd,CHANGE_PRINCIPAL,A2503405-0C45-C8FE-D57E-074763B2BE59,sshd,ta1-trace-2
1557570541.628:1170253732,49CF02D3-E99B-DA5E-9746-564FC39443B6:sshd,MMAP,07E87BAE-732D-D58F-383B-111629036544,/etc/shadow,ta1-trace-2
1557570541.616:1170253311,49CF02D3-E99B-DA5E-9746-564FC39443B6:sshd,MMAP,07E87BAE-732D-D58F-383B-111629036544,/etc/shadow,ta1-trace-2
1557570541.512:1170252739,49CF02D3-E99B-DA5E-9746-564FC39443B6:sshd,READ,573E5010-1713-BD2C-2998-A48580BDA4D4,/etc/hosts,ta1-trace-2
1557570541.512:1170252738,49CF02D3-E99B-DA5E-9746-564FC39443B6:sshd,READ,573E5010-1713-BD2C-2998-A48580BDA4D4,/etc/hosts,ta1-trace-2
1557570541.412:1170252072,98DBDF8E-05FC-C14C-E06E-D98B0CBE1B7F:sshd,EXECUTE,49CF02D3-E99B-DA5E-9746-564FC39443B6,sshd,ta1-trace-2
1557570541.412:1170252051,DEF8FC47-7A9A-FBED-6B2A-08B2189BECCD:sshd,FORK,98DBDF8E-05FC-C14C-E06E-D98B0CBE1B7F,sshd,ta1-trace-2
1557570421.971:1169980256,AC3605F2-4EB4-3097-9CE6-6BA7E3FFABF3:update-motd-fsc,EXECUTE,CAC541C5-90E2-C0C9-6364-80E0A15CB4E2,cat,ta1-trace-2
1557570421.971:1169980254,5113BF8D-D6A5-5604-4C97-89CA8743D63F:update-motd-fsc,FORK,AC3605F2-4EB4-3097-9CE6-6BA7E3FFABF3,update-motd-fsc,ta1-trace-2
1557570421.967:1169980039,02D3E8A8-3532-26B1-B6D3-972E23F73C1B:98-fsck-at-rebo,EXECUTE,5113BF8D-D6A5-5604-4C97-89CA8743D63F,update-motd-fsc,ta1-trace-2
1557570421.967:1169980017,5E243CF8-6B55-AA14-8715-891AC44390B5:run-parts,EXECUTE,02D3E8A8-3532-26B1-B6D3-972E23F73C1B,98-fsck-at-rebo,ta1-trace-2
1557570421.967:1169980016,E75CA3A3-EDED-309B-FF19-08BA932100E3:run-parts,FORK,5E243CF8-6B55-AA14-8715-891AC44390B5,run-parts,ta1-trace-2
1557570421.967:1169979967,D7D307F7-A324-A07D-17F7-A123E83038E3:update-motd-hwe,EXECUTE,CA72C73C-4734-096E-4F8D-018956CBA52E,cat,ta1-trace-2
1557570421.967:1169979965,04D4D4C8-719F-AC38-0D77-B9127EC376C7:update-motd-hwe,FORK,D7D307F7-A324-A07D-17F7-A123E83038E3,update-motd-hwe,ta1-trace-2
1557570421.947:1169978566,B89FF152-4E0D-461E-5095-B19CE232E6D5:95-hwe-eol,EXECUTE,04D4D4C8-719F-AC38-0D77-B9127EC376C7,update-motd-hwe,ta1-trace-2
1557570421.943:1169978545,B2D332C9-B63F-29B4-3E8D-B3DE7B873265:run-parts,EXECUTE,B89FF152-4E0D-461E-5095-B19CE232E6D5,95-hwe-eol,ta1-trace-2
1557570421.943:1169978544,E75CA3A3-EDED-309B-FF19-08BA932100E3:run-parts,FORK,B2D332C9-B63F-29B4-3E8D-B3DE7B873265,run-parts,ta1-trace-2
1557570421.915:1169977847,C4D53A71-E7BD-B6B4-3A28-E7544AA644F9:update-motd-upd,EXECUTE,A7A8641A-8800-8E6C-4930-AF95BBEEFFB2,cat,ta1-trace-2
1557570421.915:1169977845,DB199E20-4C55-2FDA-DEA3-EF1FCF1C3B4C:update-motd-upd,FORK,C4D53A71-E7BD-B6B4-3A28-E7544AA644F9,update-motd-upd,ta1-trace-2
1557570421.899:1169976783,06437EFB-0C4F-B8C1-C2C1-D3CFA72479C8:90-updates-avai,EXECUTE,DB199E20-4C55-2FDA-DEA3-EF1FCF1C3B4C,update-motd-upd,ta1-trace-2
1557570421.899:1169976752,52AF1C99-28B8-34C4-493B-6A783DC67FD2:run-parts,EXECUTE,06437EFB-0C4F-B8C1-C2C1-D3CFA72479C8,90-updates-avai,ta1-trace-2
1557570421.899:1169976748,E75CA3A3-EDED-309B-FF19-08BA932100E3:run-parts,FORK,52AF1C99-28B8-34C4-493B-6A783DC67FD2,run-parts,ta1-trace-2
1557570421.735:1169968484,0715C7FD-160F-F6C9-D90E-A9BF4B3A4CA7:env,EXECUTE,E75CA3A3-EDED-309B-FF19-08BA932100E3,run-parts,ta1-trace-2
1557570421.735:1169968457,BC029071-C3D2-36B2-FE72-6B1BAE7BCAA2:sh,EXECUTE,0715C7FD-160F-F6C9-D90E-A9BF4B3A4CA7,env,ta1-trace-2
1557570421.735:1169968445,A7545E3A-AA1F-BADF-C9E0-F109E9A25CA4:sh,FORK,BC029071-C3D2-36B2-FE72-6B1BAE7BCAA2,sh,ta1-trace-2
1557570421.735:1169968377,5E8B8920-9CDD-E240-E69F-F08B894F4C2A:sshd,EXECUTE,A7545E3A-AA1F-BADF-C9E0-F109E9A25CA4,sh,ta1-trace-2
1557570421.735:1169968355,82EC3D97-A8FD-B15B-7D8D-C0CA74CFDC36:sshd,FORK,5E8B8920-9CDD-E240-E69F-F08B894F4C2A,sshd,ta1-trace-2
1557570421.715:1169967882,8584853D-A640-E71F-1AB9-1DE14B2E8B48:sshd,CHANGE_PRINCIPAL,82EC3D97-A8FD-B15B-7D8D-C0CA74CFDC36,sshd,ta1-trace-2
1557570421.715:1169967881,0F681678-7B8D-8333-367D-EEADC49D8282:sshd,CHANGE_PRINCIPAL,8584853D-A640-E71F-1AB9-1DE14B2E8B48,sshd,ta1-trace-2
1557570421.715:1169967880,8584853D-A640-E71F-1AB9-1DE14B2E8B48:sshd,CHANGE_PRINCIPAL,0F681678-7B8D-8333-367D-EEADC49D8282,sshd,ta1-trace-2
1557570421.715:1169967879,82EC3D97-A8FD-B15B-7D8D-C0CA74CFDC36:sshd,CHANGE_PRINCIPAL,8584853D-A640-E71F-1AB9-1DE14B2E8B48,sshd,ta1-trace-2
1557570421.715:1169967823,82EC3D97-A8FD-B15B-7D8D-C0CA74CFDC36:sshd,MMAP,07E87BAE-732D-D58F-383B-111629036544,/etc/shadow,ta1-trace-2
1557570421.703:1169967767,82EC3D97-A8FD-B15B-7D8D-C0CA74CFDC36:sshd,MMAP,07E87BAE-732D-D58F-383B-111629036544,/etc/shadow,ta1-trace-2
1557570421.599:1169966580,82EC3D97-A8FD-B15B-7D8D-C0CA74CFDC36:sshd,READ,573E5010-1713-BD2C-2998-A48580BDA4D4,/etc/hosts,ta1-trace-2
1557570421.599:1169966579,82EC3D97-A8FD-B15B-7D8D-C0CA74CFDC36:sshd,READ,573E5010-1713-BD2C-2998-A48580BDA4D4,/etc/hosts,ta1-trace-2
1557570421.507:1169965913,4D9714DB-7202-7DEF-0251-9329DB34889E:sshd,EXECUTE,82EC3D97-A8FD-B15B-7D8D-C0CA74CFDC36,sshd,ta1-trace-2
1557570421.507:1169965892,DEF8FC47-7A9A-FBED-6B2A-08B2189BECCD:sshd,FORK,4D9714DB-7202-7DEF-0251-9329DB34889E,sshd,ta1-trace-2
1557570301.938:1169698741,5E4FB238-B79A-79EB-1996-A54A8CD99D24:cron,MMAP,07E87BAE-732D-D58F-383B-111629036544,/etc/shadow,ta1-trace-2
1557570259.961:1169600066,946E81DE-2A38-5E87-6AD6-B0CF128872BF:update-motd-fsc,EXECUTE,F97FF991-E9D1-EA14-5F6A-CD4CD6F32491,cat,ta1-trace-2
1557570259.961:1169600064,1955E158-AD62-4CA6-0B20-2C86492DB807:update-motd-fsc,FORK,946E81DE-2A38-5E87-6AD6-B0CF128872BF,update-motd-fsc,ta1-trace-2
1557570259.957:1169599845,438E1735-9037-F5CE-5ACE-908C352A1D2A:98-fsck-at-rebo,EXECUTE,1955E158-AD62-4CA6-0B20-2C86492DB807,update-motd-fsc,ta1-trace-2
1557570259.957:1169599823,22EC1DF2-7D25-3614-03D9-E97029344BF9:run-parts,EXECUTE,438E1735-9037-F5CE-5ACE-908C352A1D2A,98-fsck-at-rebo,ta1-trace-2
1557570259.957:1169599822,DFD1854C-A4FF-90D3-1C5F-65D6E64539FA:run-parts,FORK,22EC1DF2-7D25-3614-03D9-E97029344BF9,run-parts,ta1-trace-2
1557570259.957:1169599773,9C54024A-0150-C893-2ECE-0C03D46ACDA6:update-motd-hwe,EXECUTE,DBC31822-7DFF-84D4-1C4D-27EF334AD243,cat,ta1-trace-2
1557570259.957:1169599771,7D39C68A-B29C-6165-6EED-873EB4D85BE1:update-motd-hwe,FORK,9C54024A-0150-C893-2ECE-0C03D46ACDA6,update-motd-hwe,ta1-trace-2
1557570259.933:1169598375,0D37B5F7-B91B-0ACA-056A-97B6DBF19BF9:95-hwe-eol,EXECUTE,7D39C68A-B29C-6165-6EED-873EB4D85BE1,update-motd-hwe,ta1-trace-2
1557570259.933:1169598350,F14EBE73-01E2-3271-46E4-249B3E3E9E5D:run-parts,EXECUTE,0D37B5F7-B91B-0ACA-056A-97B6DBF19BF9,95-hwe-eol,ta1-trace-2
1557570259.933:1169598349,DFD1854C-A4FF-90D3-1C5F-65D6E64539FA:run-parts,FORK,F14EBE73-01E2-3271-46E4-249B3E3E9E5D,run-parts,ta1-trace-2
1557570259.897:1169597648,86F96710-18EE-D0A5-A188-2FCBE981C56B:update-motd-upd,EXECUTE,4C33C720-C6F7-E899-A221-8DB831B17FCB,cat,ta1-trace-2
1557570259.897:1169597646,82111EA8-5C5A-0AAA-A97B-3355504607C9:update-motd-upd,FORK,86F96710-18EE-D0A5-A188-2FCBE981C56B,update-motd-upd,ta1-trace-2
1557570259.881:1169596557,AEF71CD6-48E8-218F-EE2D-727650DD6F99:90-updates-avai,EXECUTE,82111EA8-5C5A-0AAA-A97B-3355504607C9,update-motd-upd,ta1-trace-2
1557570259.881:1169596536,A0D415B8-2386-B080-8147-9CEA0BF6B37E:run-parts,EXECUTE,AEF71CD6-48E8-218F-EE2D-727650DD6F99,90-updates-avai,ta1-trace-2
1557570259.877:1169596535,DFD1854C-A4FF-90D3-1C5F-65D6E64539FA:run-parts,FORK,A0D415B8-2386-B080-8147-9CEA0BF6B37E,run-parts,ta1-trace-2
1557570259.741:1169588328,9A043091-D6EA-FB34-CD53-10160F1E69F4:env,EXECUTE,DFD1854C-A4FF-90D3-1C5F-65D6E64539FA,run-parts,ta1-trace-2
1557570259.741:1169588306,CC682A0B-53B5-ECA6-CE45-F259C560C4EE:sh,EXECUTE,9A043091-D6EA-FB34-CD53-10160F1E69F4,env,ta1-trace-2
1557570259.741:1169588298,4DCD95C5-0E2F-1036-862A-F86F5E244379:sh,FORK,CC682A0B-53B5-ECA6-CE45-F259C560C4EE,sh,ta1-trace-2
1557570259.741:1169588274,CE03BA77-DF22-005C-730B-3134BA3FF34E:sshd,EXECUTE,4DCD95C5-0E2F-1036-862A-F86F5E244379,sh,ta1-trace-2
1557570259.741:1169588209,A5F65B24-BDCA-4471-36F2-B59810A7DAC4:sshd,FORK,CE03BA77-DF22-005C-730B-3134BA3FF34E,sshd,ta1-trace-2
1557570259.725:1169587922,F61FBF09-E974-2937-C506-9908A7EBBB73:sshd,CHANGE_PRINCIPAL,A5F65B24-BDCA-4471-36F2-B59810A7DAC4,sshd,ta1-trace-2
1557570259.725:1169587921,66FBA1DC-F0A4-1A32-2AC7-74F4827F5F60:sshd,CHANGE_PRINCIPAL,F61FBF09-E974-2937-C506-9908A7EBBB73,sshd,ta1-trace-2
1557570259.725:1169587920,F61FBF09-E974-2937-C506-9908A7EBBB73:sshd,CHANGE_PRINCIPAL,66FBA1DC-F0A4-1A32-2AC7-74F4827F5F60,sshd,ta1-trace-2
1557570259.725:1169587919,A5F65B24-BDCA-4471-36F2-B59810A7DAC4:sshd,CHANGE_PRINCIPAL,F61FBF09-E974-2937-C506-9908A7EBBB73,sshd,ta1-trace-2
1557570259.721:1169587863,A5F65B24-BDCA-4471-36F2-B59810A7DAC4:sshd,MMAP,07E87BAE-732D-D58F-383B-111629036544,/etc/shadow,ta1-trace-2
1557570259.717:1169587835,A5F65B24-BDCA-4471-36F2-B59810A7DAC4:sshd,MMAP,07E87BAE-732D-D58F-383B-111629036544,/etc/shadow,ta1-trace-2
1557570259.617:1169586721,A5F65B24-BDCA-4471-36F2-B59810A7DAC4:sshd,READ,573E5010-1713-BD2C-2998-A48580BDA4D4,/etc/hosts,ta1-trace-2
1557570259.617:1169586717,A5F65B24-BDCA-4471-36F2-B59810A7DAC4:sshd,READ,573E5010-1713-BD2C-2998-A48580BDA4D4,/etc/hosts,ta1-trace-2
1557570259.513:1169585952,889A76B5-2053-2B25-2E59-F72FF9FFE969:sshd,EXECUTE,A5F65B24-BDCA-4471-36F2-B59810A7DAC4,sshd,ta1-trace-2
1557570259.513:1169585931,DEF8FC47-7A9A-FBED-6B2A-08B2189BECCD:sshd,FORK,889A76B5-2053-2B25-2E59-F72FF9FFE969,sshd,ta1-trace-2
1557570207.405:1169465276,81988F44-13BE-6156-BF98-6BF05EE817CD:cat,READ,573E5010-1713-BD2C-2998-A48580BDA4D4,/etc/hosts,ta1-trace-2
1557570207.405:1169465271,81988F44-13BE-6156-BF98-6BF05EE817CD:cat,READ,573E5010-1713-BD2C-2998-A48580BDA4D4,/etc/hosts,ta1-trace-2
1557570207.405:1169465251,722F0B1B-2C55-8498-C0CA-7A94D25ED9B8:bash,EXECUTE,81988F44-13BE-6156-BF98-6BF05EE817CD,b'cat /etc/hosts',ta1-trace-2
1557570207.405:1169465245,3B5861E1-2872-A2C7-5AF2-73E7FB54D257:bash,FORK,722F0B1B-2C55-8498-C0CA-7A94D25ED9B8,bash,ta1-trace-2
1557570207.213:1169462003,579DD8C6-2C34-D83F-A371-923185F91426:sshd,EXECUTE,3B5861E1-2872-A2C7-5AF2-73E7FB54D257,bash,ta1-trace-2
1557570207.213:1169461876,3824EDB2-C58F-A93A-025A-72911C49AA67:sshd,FORK,579DD8C6-2C34-D83F-A371-923185F91426,sshd,ta1-trace-2
1557570207.209:1169461793,AEEFFB45-7252-34F0-45D1-58CAAFB67760:sshd,CHANGE_PRINCIPAL,3824EDB2-C58F-A93A-025A-72911C49AA67,sshd,ta1-trace-2
1557570207.209:1169461771,D1349739-5B73-B2CD-65E8-08E90F3B6B42:sshd,CHANGE_PRINCIPAL,AEEFFB45-7252-34F0-45D1-58CAAFB67760,sshd,ta1-trace-2
1557570207.209:1169461768,639FD013-FF77-7C4B-5330-AE5DB92A190B:sshd,FORK,D1349739-5B73-B2CD-65E8-08E90F3B6B42,sshd,ta1-trace-2
1557570207.209:1169461641,F4849353-8A91-41AD-CE8F-FD62E91FFD21:update-motd-fsc,EXECUTE,2EA10945-711A-9B46-FA14-8E35802A58DC,cat,ta1-trace-2
1557570207.209:1169461639,C7853CA6-BA45-6E0C-1A7C-B112989E246B:update-motd-fsc,FORK,F4849353-8A91-41AD-CE8F-FD62E91FFD21,update-motd-fsc,ta1-trace-2
1557570207.205:1169461424,2CEC8418-0935-C90E-615C-A9B57C9825F4:98-fsck-at-rebo,EXECUTE,C7853CA6-BA45-6E0C-1A7C-B112989E246B,update-motd-fsc,ta1-trace-2
1557570207.205:1169461402,7AA60315-0F6B-C62B-3135-0491DB034CAA:run-parts,EXECUTE,2CEC8418-0935-C90E-615C-A9B57C9825F4,98-fsck-at-rebo,ta1-trace-2
1557570207.205:1169461401,77A0A031-3FCE-5A77-7E3D-F4039A321BC7:run-parts,FORK,7AA60315-0F6B-C62B-3135-0491DB034CAA,run-parts,ta1-trace-2
1557570207.205:1169461352,616B8B4B-33C6-18A3-481F-BCCB1D152682:update-motd-hwe,EXECUTE,4B5D4D5C-96A7-BFCA-0968-41EDFBB3E9BB,cat,ta1-trace-2
1557570207.205:1169461350,04C6565B-D286-E632-EAEE-7C322F30A4AF:update-motd-hwe,FORK,616B8B4B-33C6-18A3-481F-BCCB1D152682,update-motd-hwe,ta1-trace-2
1557570207.181:1169459951,D48CE48A-9C97-3604-31C5-5896681DE1EA:95-hwe-eol,EXECUTE,04C6565B-D286-E632-EAEE-7C322F30A4AF,update-motd-hwe,ta1-trace-2
1557570207.181:1169459930,52601E37-C094-CAAD-CDF2-B6F8B9D8B7C6:run-parts,EXECUTE,D48CE48A-9C97-3604-31C5-5896681DE1EA,95-hwe-eol,ta1-trace-2
1557570207.181:1169459929,77A0A031-3FCE-5A77-7E3D-F4039A321BC7:run-parts,FORK,52601E37-C094-CAAD-CDF2-B6F8B9D8B7C6,run-parts,ta1-trace-2
1557570207.149:1169459230,D9F6B17F-2F7B-7EED-A078-AB37E062B89B:update-motd-upd,EXECUTE,4B4D25DA-8A72-558E-9874-C80E4BF41796,cat,ta1-trace-2
1557570207.149:1169459228,8DD97F9C-22EF-BB47-97D8-C39E6467DE42:update-motd-upd,FORK,D9F6B17F-2F7B-7EED-A078-AB37E062B89B,update-motd-upd,ta1-trace-2
1557570207.133:1169458140,EB51C4BA-96EA-C63C-3A3D-EEF170C9585A:90-updates-avai,EXECUTE,8DD97F9C-22EF-BB47-97D8-C39E6467DE42,update-motd-upd,ta1-trace-2
1557570207.133:1169458119,31144C45-AB3A-6907-33BB-20504F8E5CA6:run-parts,EXECUTE,EB51C4BA-96EA-C63C-3A3D-EEF170C9585A,90-updates-avai,ta1-trace-2
1557570207.133:1169458118,77A0A031-3FCE-5A77-7E3D-F4039A321BC7:run-parts,FORK,31144C45-AB3A-6907-33BB-20504F8E5CA6,run-parts,ta1-trace-2
1557570206.981:1169449877,39C067A9-F9C8-B80C-5E33-9D6ABEFAB628:env,EXECUTE,77A0A031-3FCE-5A77-7E3D-F4039A321BC7,run-parts,ta1-trace-2
1557570206.981:1169449852,3E466392-E5D3-DC30-FC34-45BD2CAB6897:sh,EXECUTE,39C067A9-F9C8-B80C-5E33-9D6ABEFAB628,env,ta1-trace-2
1557570206.981:1169449828,C8060A55-010B-06AD-45F1-F0ACA3848857:sh,FORK,3E466392-E5D3-DC30-FC34-45BD2CAB6897,sh,ta1-trace-2
1557570206.981:1169449765,35F05A49-F560-68C7-EB83-636531A8BE16:sshd,EXECUTE,C8060A55-010B-06AD-45F1-F0ACA3848857,sh,ta1-trace-2
1557570206.981:1169449735,639FD013-FF77-7C4B-5330-AE5DB92A190B:sshd,FORK,35F05A49-F560-68C7-EB83-636531A8BE16,sshd,ta1-trace-2
1557570206.961:1169449284,1A79F479-A099-670A-0F94-2F6B16F19E80:sshd,CHANGE_PRINCIPAL,639FD013-FF77-7C4B-5330-AE5DB92A190B,sshd,ta1-trace-2
1557570206.961:1169449283,567E8284-EF13-8582-A903-3A1014153CC5:sshd,CHANGE_PRINCIPAL,1A79F479-A099-670A-0F94-2F6B16F19E80,sshd,ta1-trace-2
1557570206.961:1169449282,1A79F479-A099-670A-0F94-2F6B16F19E80:sshd,CHANGE_PRINCIPAL,567E8284-EF13-8582-A903-3A1014153CC5,sshd,ta1-trace-2
1557570206.961:1169449281,639FD013-FF77-7C4B-5330-AE5DB92A190B:sshd,CHANGE_PRINCIPAL,1A79F479-A099-670A-0F94-2F6B16F19E80,sshd,ta1-trace-2
1557570206.961:1169449206,639FD013-FF77-7C4B-5330-AE5DB92A190B:sshd,MMAP,07E87BAE-732D-D58F-383B-111629036544,/etc/shadow,ta1-trace-2
1557570206.957:1169449174,639FD013-FF77-7C4B-5330-AE5DB92A190B:sshd,MMAP,07E87BAE-732D-D58F-383B-111629036544,/etc/shadow,ta1-trace-2
1557570206.845:1169448662,639FD013-FF77-7C4B-5330-AE5DB92A190B:sshd,READ,573E5010-1713-BD2C-2998-A48580BDA4D4,/etc/hosts,ta1-trace-2
1557570206.845:1169448661,639FD013-FF77-7C4B-5330-AE5DB92A190B:sshd,READ,573E5010-1713-BD2C-2998-A48580BDA4D4,/etc/hosts,ta1-trace-2
1557570206.685:1169447895,BE4B82C8-8392-B459-67FF-C1AC119A6813:sshd,EXECUTE,639FD013-FF77-7C4B-5330-AE5DB92A190B,sshd,ta1-trace-2
1557570206.685:1169447874,DEF8FC47-7A9A-FBED-6B2A-08B2189BECCD:sshd,FORK,BE4B82C8-8392-B459-67FF-C1AC119A6813,sshd,ta1-trace-2
1557570161.084:1169344499,4737B29A-71E2-582D-2368-DA045342402D:sshd,READ,573E5010-1713-BD2C-2998-A48580BDA4D4,/etc/hosts,ta1-trace-2
1557570161.084:1169344496,4737B29A-71E2-582D-2368-DA045342402D:sshd,READ,573E5010-1713-BD2C-2998-A48580BDA4D4,/etc/hosts,ta1-trace-2
1557570161.084:1169344468,4737B29A-71E2-582D-2368-DA045342402D:sshd,READ,573E5010-1713-BD2C-2998-A48580BDA4D4,/etc/hosts,ta1-trace-2
1557570161.084:1169344461,4737B29A-71E2-582D-2368-DA045342402D:sshd,READ,573E5010-1713-BD2C-2998-A48580BDA4D4,/etc/hosts,ta1-trace-2
1557570161.080:1169344369,725E6C87-C54D-A0CF-F641-469FF9199935:sshd,CHANGE_PRINCIPAL,4737B29A-71E2-582D-2368-DA045342402D,sshd,ta1-trace-2
1557570161.080:1169344368,725E6C87-C54D-A0CF-F641-469FF9199935:sshd,CHANGE_PRINCIPAL,725E6C87-C54D-A0CF-F641-469FF9199935,sshd,ta1-trace-2
1557570161.080:1169344367,4737B29A-71E2-582D-2368-DA045342402D:sshd,CHANGE_PRINCIPAL,725E6C87-C54D-A0CF-F641-469FF9199935,sshd,ta1-trace-2
1557570160.244:1169342529,C5B07A2D-DB90-F375-714A-F8E78ACB93D2:bash,EXECUTE,83E14B48-74E6-7AA3-FB04-B900A2153339,b'cat /etc/passwd',ta1-trace-2
1557570160.244:1169342523,C12B791E-52D7-C810-AAE1-79E9C9BCD25D:bash,FORK,C5B07A2D-DB90-F375-714A-F8E78ACB93D2,bash,ta1-trace-2
1557570157.688:1169333573,AF2938DE-D0A3-89ED-EDEF-9D3511E5B16C:bash,EXECUTE,97FF34BC-E6E6-1D3F-16D3-06A98BF0B2A2,b'ps -aux',ta1-trace-2
1557570157.688:1169333565,C12B791E-52D7-C810-AAE1-79E9C9BCD25D:bash,FORK,AF2938DE-D0A3-89ED-EDEF-9D3511E5B16C,bash,ta1-trace-2
1557570144.244:1169303167,5394024B-6538-9DBA-BF39-48042D785177:bash,EXECUTE,B81141AB-8D8E-02F8-0BC2-BDB1C47C7D44,b'whoami',ta1-trace-2
1557570144.244:1169303161,C12B791E-52D7-C810-AAE1-79E9C9BCD25D:bash,FORK,5394024B-6538-9DBA-BF39-48042D785177,bash,ta1-trace-2
1557570140.268:1169290652,43C4A47F-AC5E-4EA4-177C-E8FFE39659B4:bash,EXECUTE,6F53CEA2-4424-C732-B82A-D84FB4752BE4,b'ps -aux',ta1-trace-2
1557570140.268:1169290646,C12B791E-52D7-C810-AAE1-79E9C9BCD25D:bash,FORK,43C4A47F-AC5E-4EA4-177C-E8FFE39659B4,bash,ta1-trace-2
1557570136.016:1169277825,0A339E73-BE0E-8927-D0F4-6BD382C8B719:bash,EXECUTE,D1FECB10-3D5B-6C3D-833B-0FDCCE1358BA,b'ps -aux',ta1-trace-2
1557570136.012:1169277819,C12B791E-52D7-C810-AAE1-79E9C9BCD25D:bash,FORK,0A339E73-BE0E-8927-D0F4-6BD382C8B719,bash,ta1-trace-2
1557570130.816:1169264262,64117143-EDBE-0221-EAF1-72BE7EE34BA6:cat,READ,573E5010-1713-BD2C-2998-A48580BDA4D4,/etc/hosts,ta1-trace-2
1557570130.816:1169264260,64117143-EDBE-0221-EAF1-72BE7EE34BA6:cat,READ,573E5010-1713-BD2C-2998-A48580BDA4D4,/etc/hosts,ta1-trace-2
1557570130.812:1169264240,F355E4A2-C510-24FC-8171-8D5A2F1650BD:bash,EXECUTE,64117143-EDBE-0221-EAF1-72BE7EE34BA6,b'cat /etc/hosts',ta1-trace-2
1557570130.812:1169264234,C12B791E-52D7-C810-AAE1-79E9C9BCD25D:bash,FORK,F355E4A2-C510-24FC-8171-8D5A2F1650BD,bash,ta1-trace-2
1557570128.680:1169258186,B44D4DE4-5EF4-EA09-6331-DB556CFFAD32:bash,EXECUTE,376374A0-BEAC-021A-FDA9-DF7D9746E5BA,b'whoami',ta1-trace-2
1557570128.680:1169258180,C12B791E-52D7-C810-AAE1-79E9C9BCD25D:bash,FORK,B44D4DE4-5EF4-EA09-6331-DB556CFFAD32,bash,ta1-trace-2
1557570128.480:1169254957,87F14701-7773-50DB-4C69-D74472E802F8:sshd,EXECUTE,C12B791E-52D7-C810-AAE1-79E9C9BCD25D,bash,ta1-trace-2
1557570128.480:1169254848,80AEBF08-074E-F5CB-BD0C-2ECA94111886:sshd,FORK,87F14701-7773-50DB-4C69-D74472E802F8,sshd,ta1-trace-2
1557570128.480:1169254831,4737B29A-71E2-582D-2368-DA045342402D:sshd,READ,573E5010-1713-BD2C-2998-A48580BDA4D4,/etc/hosts,ta1-trace-2
1557570128.480:1169254830,4737B29A-71E2-582D-2368-DA045342402D:sshd,READ,573E5010-1713-BD2C-2998-A48580BDA4D4,/etc/hosts,ta1-trace-2
1557570128.480:1169254771,8960811B-29BE-B2F6-5917-727E9535E4E6:sshd,CHANGE_PRINCIPAL,80AEBF08-074E-F5CB-BD0C-2ECA94111886,sshd,ta1-trace-2
1557570128.480:1169254760,8960811B-29BE-B2F6-5917-727E9535E4E6:sshd,READ,573E5010-1713-BD2C-2998-A48580BDA4D4,/etc/hosts,ta1-trace-2
1557570128.480:1169254759,8960811B-29BE-B2F6-5917-727E9535E4E6:sshd,READ,573E5010-1713-BD2C-2998-A48580BDA4D4,/etc/hosts,ta1-trace-2
1557570128.480:1169254744,E6AA7BC1-76F3-CB39-7D6B-C8F9D5881E86:sshd,CHANGE_PRINCIPAL,8960811B-29BE-B2F6-5917-727E9535E4E6,sshd,ta1-trace-2
1557570128.480:1169254741,4737B29A-71E2-582D-2368-DA045342402D:sshd,FORK,E6AA7BC1-76F3-CB39-7D6B-C8F9D5881E86,sshd,ta1-trace-2
1557570128.476:1169254734,4737B29A-71E2-582D-2368-DA045342402D:sshd,READ,573E5010-1713-BD2C-2998-A48580BDA4D4,/etc/hosts,ta1-trace-2
1557570128.476:1169254733,4737B29A-71E2-582D-2368-DA045342402D:sshd,READ,573E5010-1713-BD2C-2998-A48580BDA4D4,/etc/hosts,ta1-trace-2
1557570128.476:1169254609,2F8DD81A-6DC9-81BE-BAB1-71BC3D939523:update-motd-fsc,EXECUTE,285E74E0-0F66-3C10-64D3-C8FB6E931714,cat,ta1-trace-2
1557570128.476:1169254607,060D20A7-8805-21F0-1DC6-1924402E69C1:update-motd-fsc,FORK,2F8DD81A-6DC9-81BE-BAB1-71BC3D939523,update-motd-fsc,ta1-trace-2
1557570128.472:1169254392,3A04BA04-4CB2-B10A-300A-D2067A7CCB67:98-fsck-at-rebo,EXECUTE,060D20A7-8805-21F0-1DC6-1924402E69C1,update-motd-fsc,ta1-trace-2
1557570128.472:1169254370,BFB3C99E-82F3-7895-0864-79E5C6B81435:run-parts,EXECUTE,3A04BA04-4CB2-B10A-300A-D2067A7CCB67,98-fsck-at-rebo,ta1-trace-2
1557570128.472:1169254369,B21E22F1-2742-6D45-53C3-F8E6D996EF79:run-parts,FORK,BFB3C99E-82F3-7895-0864-79E5C6B81435,run-parts,ta1-trace-2
1557570128.472:1169254320,D5D2D825-D4E2-A807-87DE-5558BEC7F560:update-motd-hwe,EXECUTE,FB4BB085-5B86-D783-CF66-D577EC968181,cat,ta1-trace-2
1557570128.472:1169254318,B49A54C3-F844-63AA-AE94-3A75337C4C63:update-motd-hwe,FORK,D5D2D825-D4E2-A807-87DE-5558BEC7F560,update-motd-hwe,ta1-trace-2
1557570128.452:1169252918,1226D90E-E212-3774-81A4-EA30E7AEBD95:95-hwe-eol,EXECUTE,B49A54C3-F844-63AA-AE94-3A75337C4C63,update-motd-hwe,ta1-trace-2
1557570128.452:1169252897,184FBF04-F312-4BE2-0A38-EB989A059774:run-parts,EXECUTE,1226D90E-E212-3774-81A4-EA30E7AEBD95,95-hwe-eol,ta1-trace-2
1557570128.452:1169252896,B21E22F1-2742-6D45-53C3-F8E6D996EF79:run-parts,FORK,184FBF04-F312-4BE2-0A38-EB989A059774,run-parts,ta1-trace-2
1557570128.416:1169252185,59D395F8-F68B-79C3-EB87-D813AD57FDF7:update-motd-upd,EXECUTE,AF2BBA10-D6DB-4A41-B05E-EC722C02B598,cat,ta1-trace-2
1557570128.416:1169252181,6DACF144-B33C-DBB1-0BFA-284813997D16:update-motd-upd,FORK,59D395F8-F68B-79C3-EB87-D813AD57FDF7,update-motd-upd,ta1-trace-2
1557570128.400:1169251108,D77B98BF-CD32-4E54-B487-BA05A249DBFD:90-updates-avai,EXECUTE,6DACF144-B33C-DBB1-0BFA-284813997D16,update-motd-upd,ta1-trace-2
1557570128.400:1169251087,4632FA35-6D9A-D696-6BF0-94F831C02A97:run-parts,EXECUTE,D77B98BF-CD32-4E54-B487-BA05A249DBFD,90-updates-avai,ta1-trace-2
1557570128.400:1169251086,B21E22F1-2742-6D45-53C3-F8E6D996EF79:run-parts,FORK,4632FA35-6D9A-D696-6BF0-94F831C02A97,run-parts,ta1-trace-2
1557570128.224:1169242842,50DF78F1-0A38-DE0C-6411-A6E7151C917F:env,EXECUTE,B21E22F1-2742-6D45-53C3-F8E6D996EF79,run-parts,ta1-trace-2
1557570128.224:1169242799,DE150018-D4BB-DC6D-E80A-092CB2B14D6B:sh,EXECUTE,50DF78F1-0A38-DE0C-6411-A6E7151C917F,env,ta1-trace-2
1557570128.224:1169242794,502D5390-C881-04A7-1E32-B163F27BF5B4:sh,FORK,DE150018-D4BB-DC6D-E80A-092CB2B14D6B,sh,ta1-trace-2
1557570128.224:1169242771,055C7201-ACF7-5C26-4972-6A2FF423DDAA:sshd,EXECUTE,502D5390-C881-04A7-1E32-B163F27BF5B4,sh,ta1-trace-2
1557570128.224:1169242752,4737B29A-71E2-582D-2368-DA045342402D:sshd,FORK,055C7201-ACF7-5C26-4972-6A2FF423DDAA,sshd,ta1-trace-2
1557570128.204:1169242458,2869B197-F18F-3EB9-33C5-9D345BAB428F:sshd,CHANGE_PRINCIPAL,4737B29A-71E2-582D-2368-DA045342402D,sshd,ta1-trace-2
1557570128.204:1169242457,D8AB6027-5CD1-BF2A-7EEC-6E41FC773ACE:sshd,CHANGE_PRINCIPAL,2869B197-F18F-3EB9-33C5-9D345BAB428F,sshd,ta1-trace-2
1557570128.204:1169242455,2869B197-F18F-3EB9-33C5-9D345BAB428F:sshd,CHANGE_PRINCIPAL,D8AB6027-5CD1-BF2A-7EEC-6E41FC773ACE,sshd,ta1-trace-2
1557570128.204:1169242453,4737B29A-71E2-582D-2368-DA045342402D:sshd,CHANGE_PRINCIPAL,2869B197-F18F-3EB9-33C5-9D345BAB428F,sshd,ta1-trace-2
1557570128.204:1169242431,4737B29A-71E2-582D-2368-DA045342402D:sshd,READ,573E5010-1713-BD2C-2998-A48580BDA4D4,/etc/hosts,ta1-trace-2
1557570128.204:1169242430,4737B29A-71E2-582D-2368-DA045342402D:sshd,READ,573E5010-1713-BD2C-2998-A48580BDA4D4,/etc/hosts,ta1-trace-2
1557570128.200:1169242377,4737B29A-71E2-582D-2368-DA045342402D:sshd,READ,573E5010-1713-BD2C-2998-A48580BDA4D4,/etc/hosts,ta1-trace-2
1557570128.200:1169242376,4737B29A-71E2-582D-2368-DA045342402D:sshd,READ,573E5010-1713-BD2C-2998-A48580BDA4D4,/etc/hosts,ta1-trace-2
1557570128.200:1169242369,4737B29A-71E2-582D-2368-DA045342402D:sshd,MMAP,07E87BAE-732D-D58F-383B-111629036544,/etc/shadow,ta1-trace-2
1557570128.200:1169242344,4737B29A-71E2-582D-2368-DA045342402D:sshd,READ,573E5010-1713-BD2C-2998-A48580BDA4D4,/etc/hosts,ta1-trace-2
1557570128.200:1169242343,4737B29A-71E2-582D-2368-DA045342402D:sshd,READ,573E5010-1713-BD2C-2998-A48580BDA4D4,/etc/hosts,ta1-trace-2
1557570128.192:1169242329,4737B29A-71E2-582D-2368-DA045342402D:sshd,MMAP,07E87BAE-732D-D58F-383B-111629036544,/etc/shadow,ta1-trace-2
1557570127.916:1169241565,4737B29A-71E2-582D-2368-DA045342402D:sshd,READ,573E5010-1713-BD2C-2998-A48580BDA4D4,/etc/hosts,ta1-trace-2
1557570127.916:1169241564,4737B29A-71E2-582D-2368-DA045342402D:sshd,READ,573E5010-1713-BD2C-2998-A48580BDA4D4,/etc/hosts,ta1-trace-2
1557570127.916:1169241555,4737B29A-71E2-582D-2368-DA045342402D:sshd,READ,573E5010-1713-BD2C-2998-A48580BDA4D4,/etc/hosts,ta1-trace-2
1557570127.784:1169240846,2EB36E45-6F06-E6D9-8F3A-054D8A508ED4:sshd,EXECUTE,4737B29A-71E2-582D-2368-DA045342402D,sshd,ta1-trace-2
1557570127.784:1169240825,DEF8FC47-7A9A-FBED-6B2A-08B2189BECCD:sshd,FORK,2EB36E45-6F06-E6D9-8F3A-054D8A508ED4,sshd,ta1-trace-2
1557570086.087:1169140638,59D47737-5DAE-ADEA-FA0C-883C2CF32DF4:bash,EXECUTE,ECBB66EC-F178-34F9-318A-35B98AC481EF,b'ps -aux',ta1-trace-2
1557570086.087:1169140632,7E72D528-3F87-47AE-DF35-0EC8A5202E90:bash,FORK,59D47737-5DAE-ADEA-FA0C-883C2CF32DF4,bash,ta1-trace-2
1557570085.919:1169137516,A7C2B152-E404-457D-9D16-5AE3CCD19530:sshd,EXECUTE,7E72D528-3F87-47AE-DF35-0EC8A5202E90,bash,ta1-trace-2
1557570085.919:1169137407,08F37656-3C69-E017-F830-EDDA33CE9E0F:sshd,FORK,A7C2B152-E404-457D-9D16-5AE3CCD19530,sshd,ta1-trace-2
1557570085.915:1169137332,AB566BD3-91CF-D477-B115-E1B98EEB4389:sshd,CHANGE_PRINCIPAL,08F37656-3C69-E017-F830-EDDA33CE9E0F,sshd,ta1-trace-2
1557570085.915:1169137310,9C902577-CFE8-BA1B-6E66-C6148536195E:sshd,CHANGE_PRINCIPAL,AB566BD3-91CF-D477-B115-E1B98EEB4389,sshd,ta1-trace-2
1557570085.915:1169137307,DBE95C09-265B-BEC3-729F-02039E0D8169:sshd,FORK,9C902577-CFE8-BA1B-6E66-C6148536195E,sshd,ta1-trace-2
1557570085.915:1169137180,764A9689-ADD2-256A-8263-B5D5A3321DD6:update-motd-fsc,EXECUTE,7735E183-8F91-C95B-8FE7-78CEBBE23F6E,cat,ta1-trace-2
1557570085.915:1169137178,B5A306F7-BA0D-91FD-7730-BA3B80C0C96A:update-motd-fsc,FORK,764A9689-ADD2-256A-8263-B5D5A3321DD6,update-motd-fsc,ta1-trace-2
1557570085.911:1169136935,C22AE152-C613-190B-2B29-993797351CA9:98-fsck-at-rebo,EXECUTE,B5A306F7-BA0D-91FD-7730-BA3B80C0C96A,update-motd-fsc,ta1-trace-2
1557570085.907:1169136913,18951FE0-2C21-8012-151D-41028AA24F32:run-parts,EXECUTE,C22AE152-C613-190B-2B29-993797351CA9,98-fsck-at-rebo,ta1-trace-2
1557570085.907:1169136912,4B77C3C0-3E36-0876-DBBA-ABFD2BBE0523:run-parts,FORK,18951FE0-2C21-8012-151D-41028AA24F32,run-parts,ta1-trace-2
1557570085.907:1169136863,7C0DA960-5D89-826D-CE8B-B8154185D68B:update-motd-hwe,EXECUTE,1A216BBC-8E73-7DAF-AECD-33376FBA801B,cat,ta1-trace-2
1557570085.907:1169136861,D8729321-015A-66F2-7D71-14232F52AB67:update-motd-hwe,FORK,7C0DA960-5D89-826D-CE8B-B8154185D68B,update-motd-hwe,ta1-trace-2
1557570085.883:1169135466,A79FC1A3-5F77-0CFE-365C-D2DCB3F4387D:95-hwe-eol,EXECUTE,D8729321-015A-66F2-7D71-14232F52AB67,update-motd-hwe,ta1-trace-2
1557570085.883:1169135441,03BD80B3-33E9-7058-4FFD-32B7D99EAA23:run-parts,EXECUTE,A79FC1A3-5F77-0CFE-365C-D2DCB3F4387D,95-hwe-eol,ta1-trace-2
1557570085.883:1169135440,4B77C3C0-3E36-0876-DBBA-ABFD2BBE0523:run-parts,FORK,03BD80B3-33E9-7058-4FFD-32B7D99EAA23,run-parts,ta1-trace-2
1557570085.843:1169134715,CE86D590-EF35-C62D-F06F-C88AE47EA0C0:update-motd-upd,EXECUTE,2080081E-0839-2CC7-5294-2622A2D549E7,cat,ta1-trace-2
1557570085.843:1169134713,95DE3A6F-70F7-3350-661A-00375E221546:update-motd-upd,FORK,CE86D590-EF35-C62D-F06F-C88AE47EA0C0,update-motd-upd,ta1-trace-2
1557570085.827:1169133653,69B7E162-D6AA-83F7-F04E-C8635055D062:90-updates-avai,EXECUTE,95DE3A6F-70F7-3350-661A-00375E221546,update-motd-upd,ta1-trace-2
1557570085.827:1169133632,A2F39DFE-7855-84D2-8F2B-1448C51E86EA:run-parts,EXECUTE,69B7E162-D6AA-83F7-F04E-C8635055D062,90-updates-avai,ta1-trace-2
1557570085.827:1169133631,4B77C3C0-3E36-0876-DBBA-ABFD2BBE0523:run-parts,FORK,A2F39DFE-7855-84D2-8F2B-1448C51E86EA,run-parts,ta1-trace-2
1557570085.683:1169125366,FBE7121A-C70D-171A-EE0F-B0C8214C4AF7:env,EXECUTE,4B77C3C0-3E36-0876-DBBA-ABFD2BBE0523,run-parts,ta1-trace-2
1557570085.683:1169125337,A9AF2B68-E549-FB23-F970-00BBA073AA00:sh,EXECUTE,FBE7121A-C70D-171A-EE0F-B0C8214C4AF7,env,ta1-trace-2
1557570085.683:1169125327,84B509A2-DDFA-E224-78D3-9821BFFEB2E7:sh,FORK,A9AF2B68-E549-FB23-F970-00BBA073AA00,sh,ta1-trace-2
1557570085.683:1169125272,31150535-108C-D0A8-F02F-A1A04674DE7B:sshd,EXECUTE,84B509A2-DDFA-E224-78D3-9821BFFEB2E7,sh,ta1-trace-2
1557570085.683:1169125257,DBE95C09-265B-BEC3-729F-02039E0D8169:sshd,FORK,31150535-108C-D0A8-F02F-A1A04674DE7B,sshd,ta1-trace-2
1557570085.659:1169124785,22BD8F92-EBFF-60AA-00EB-59196EF4DC31:sshd,CHANGE_PRINCIPAL,DBE95C09-265B-BEC3-729F-02039E0D8169,sshd,ta1-trace-2
1557570085.659:1169124784,02B1D083-890F-63CB-E5CF-D2257FEFE424:sshd,CHANGE_PRINCIPAL,22BD8F92-EBFF-60AA-00EB-59196EF4DC31,sshd,ta1-trace-2
1557570085.659:1169124783,22BD8F92-EBFF-60AA-00EB-59196EF4DC31:sshd,CHANGE_PRINCIPAL,02B1D083-890F-63CB-E5CF-D2257FEFE424,sshd,ta1-trace-2
1557570085.659:1169124782,DBE95C09-265B-BEC3-729F-02039E0D8169:sshd,CHANGE_PRINCIPAL,22BD8F92-EBFF-60AA-00EB-59196EF4DC31,sshd,ta1-trace-2
1557570085.655:1169124726,DBE95C09-265B-BEC3-729F-02039E0D8169:sshd,MMAP,07E87BAE-732D-D58F-383B-111629036544,/etc/shadow,ta1-trace-2
1557570085.643:1169124668,DBE95C09-265B-BEC3-729F-02039E0D8169:sshd,MMAP,07E87BAE-732D-D58F-383B-111629036544,/etc/shadow,ta1-trace-2
1557570085.471:1169123370,DBE95C09-265B-BEC3-729F-02039E0D8169:sshd,READ,573E5010-1713-BD2C-2998-A48580BDA4D4,/etc/hosts,ta1-trace-2
1557570085.471:1169123369,DBE95C09-265B-BEC3-729F-02039E0D8169:sshd,READ,573E5010-1713-BD2C-2998-A48580BDA4D4,/etc/hosts,ta1-trace-2
1557570085.355:1169122667,33038AB4-A8B7-DC52-5046-3C983DD2D785:sshd,EXECUTE,DBE95C09-265B-BEC3-729F-02039E0D8169,sshd,ta1-trace-2
1557570085.351:1169122646,DEF8FC47-7A9A-FBED-6B2A-08B2189BECCD:sshd,FORK,33038AB4-A8B7-DC52-5046-3C983DD2D785,sshd,ta1-trace-2
1557569980.446:1168899760,BA32490D-22C2-2F1F-9B3D-473C23123442:update-motd-fsc,EXECUTE,89C49DAD-03EE-EF3D-1A59-EBB22F1CE0DA,cat,ta1-trace-2
1557569980.446:1168899758,A6BC38C7-73E2-55D6-5478-6C6B0A3D68FD:update-motd-fsc,FORK,BA32490D-22C2-2F1F-9B3D-473C23123442,update-motd-fsc,ta1-trace-2
1557569980.442:1168899543,FF2875B9-A0BC-8BED-A619-0E9B74AC0231:98-fsck-at-rebo,EXECUTE,A6BC38C7-73E2-55D6-5478-6C6B0A3D68FD,update-motd-fsc,ta1-trace-2
1557569980.442:1168899521,01E58E5B-56BA-BEA9-D56E-573615B09D91:run-parts,EXECUTE,FF2875B9-A0BC-8BED-A619-0E9B74AC0231,98-fsck-at-rebo,ta1-trace-2
1557569980.442:1168899520,B10DD8B5-68F7-5ABF-4B02-C00075727016:run-parts,FORK,01E58E5B-56BA-BEA9-D56E-573615B09D91,run-parts,ta1-trace-2
1557569980.442:1168899471,E98CE1D8-D820-87FD-60CD-666D637640EB:update-motd-hwe,EXECUTE,3B1E989C-386B-149E-9318-137781837DE1,cat,ta1-trace-2
1557569980.442:1168899469,C2CE9727-A56C-A792-C391-13EB7B59F58C:update-motd-hwe,FORK,E98CE1D8-D820-87FD-60CD-666D637640EB,update-motd-hwe,ta1-trace-2
1557569980.418:1168898088,DE561CEC-CCA7-9A8D-9720-1D8EB78E8344:95-hwe-eol,EXECUTE,C2CE9727-A56C-A792-C391-13EB7B59F58C,update-motd-hwe,ta1-trace-2
1557569980.418:1168898067,6A7DDDCF-F2B8-B230-E754-A3BB850865D4:run-parts,EXECUTE,DE561CEC-CCA7-9A8D-9720-1D8EB78E8344,95-hwe-eol,ta1-trace-2
1557569980.418:1168898066,B10DD8B5-68F7-5ABF-4B02-C00075727016:run-parts,FORK,6A7DDDCF-F2B8-B230-E754-A3BB850865D4,run-parts,ta1-trace-2
1557569980.378:1168897349,ED9A3F1D-29B2-F07F-E022-093AD171587C:update-motd-upd,EXECUTE,7C4A152E-B025-EA27-3ACE-392C60ADD159,cat,ta1-trace-2
1557569980.378:1168897347,0A44FBEF-636E-7B32-33EF-317341A8358D:update-motd-upd,FORK,ED9A3F1D-29B2-F07F-E022-093AD171587C,update-motd-upd,ta1-trace-2
1557569980.362:1168896296,D87E0647-7298-A5D6-9507-740F2EEA3708:90-updates-avai,EXECUTE,0A44FBEF-636E-7B32-33EF-317341A8358D,update-motd-upd,ta1-trace-2
1557569980.362:1168896275,BD9B3762-3EE7-5874-35A6-9066A86CE04B:run-parts,EXECUTE,D87E0647-7298-A5D6-9507-740F2EEA3708,90-updates-avai,ta1-trace-2
1557569980.362:1168896274,B10DD8B5-68F7-5ABF-4B02-C00075727016:run-parts,FORK,BD9B3762-3EE7-5874-35A6-9066A86CE04B,run-parts,ta1-trace-2
1557569980.210:1168888164,87B46EDE-9CB0-4D03-97A2-94AA6B517352:env,EXECUTE,B10DD8B5-68F7-5ABF-4B02-C00075727016,run-parts,ta1-trace-2
1557569980.206:1168888138,0C9F04B2-D2C4-A890-C273-3637E5A26495:sh,EXECUTE,87B46EDE-9CB0-4D03-97A2-94AA6B517352,env,ta1-trace-2
1557569980.206:1168888104,1EADCD24-36FF-E465-58A4-0491AE3CFBB7:sh,FORK,0C9F04B2-D2C4-A890-C273-3637E5A26495,sh,ta1-trace-2
1557569980.206:1168888066,1883F276-FCFE-A116-351F-7E6DF8E1B546:sshd,EXECUTE,1EADCD24-36FF-E465-58A4-0491AE3CFBB7,sh,ta1-trace-2
1557569980.206:1168887974,3D8D4C11-570F-8CDD-236D-E6264D5EEAFA:sshd,FORK,1883F276-FCFE-A116-351F-7E6DF8E1B546,sshd,ta1-trace-2
1557569980.178:1168887515,78F1F796-44E0-4625-147F-A18968C39BC6:sshd,CHANGE_PRINCIPAL,3D8D4C11-570F-8CDD-236D-E6264D5EEAFA,sshd,ta1-trace-2
1557569980.178:1168887514,4608233C-251A-F0AC-2C17-952F4D58111A:sshd,CHANGE_PRINCIPAL,78F1F796-44E0-4625-147F-A18968C39BC6,sshd,ta1-trace-2
1557569980.178:1168887513,78F1F796-44E0-4625-147F-A18968C39BC6:sshd,CHANGE_PRINCIPAL,4608233C-251A-F0AC-2C17-952F4D58111A,sshd,ta1-trace-2
1557569980.178:1168887512,3D8D4C11-570F-8CDD-236D-E6264D5EEAFA:sshd,CHANGE_PRINCIPAL,78F1F796-44E0-4625-147F-A18968C39BC6,sshd,ta1-trace-2
1557569980.178:1168887456,3D8D4C11-570F-8CDD-236D-E6264D5EEAFA:sshd,MMAP,07E87BAE-732D-D58F-383B-111629036544,/etc/shadow,ta1-trace-2
1557569980.174:1168887428,3D8D4C11-570F-8CDD-236D-E6264D5EEAFA:sshd,MMAP,07E87BAE-732D-D58F-383B-111629036544,/etc/shadow,ta1-trace-2
1557569980.070:1168886997,3D8D4C11-570F-8CDD-236D-E6264D5EEAFA:sshd,READ,573E5010-1713-BD2C-2998-A48580BDA4D4,/etc/hosts,ta1-trace-2
1557569980.070:1168886996,3D8D4C11-570F-8CDD-236D-E6264D5EEAFA:sshd,READ,573E5010-1713-BD2C-2998-A48580BDA4D4,/etc/hosts,ta1-trace-2
1557569979.978:1168886374,6024B461-FFCF-C841-F968-2C8C1293864A:sshd,EXECUTE,3D8D4C11-570F-8CDD-236D-E6264D5EEAFA,sshd,ta1-trace-2
1557569979.978:1168886353,DEF8FC47-7A9A-FBED-6B2A-08B2189BECCD:sshd,FORK,6024B461-FFCF-C841-F968-2C8C1293864A,sshd,ta1-trace-2
1557569821.925:1168590790,C41F63AF-AF0D-32E2-FE6E-889FDCC1DA9F:mandb,MMAP,07E87BAE-732D-D58F-383B-111629036544,/etc/shadow,ta1-trace-2
1557569821.921:1168590591,01BD6B0E-F3B7-A4DB-E8BB-A4706877F755:null,CHANGE_PRINCIPAL,C41F63AF-AF0D-32E2-FE6E-889FDCC1DA9F,mandb,ta1-trace-2
1557569701.547:1168363054,51A20A83-4039-4ABC-88B1-7DE591F04563:resolvconf,EXECUTE,F414D68A-2422-DF72-3B34-0518F40DB707,cat,ta1-trace-2
1557569701.543:1168363046,20CCE72E-AC53-3270-2C16-50F63B47AA4C:resolvconf,FORK,51A20A83-4039-4ABC-88B1-7DE591F04563,resolvconf,ta1-trace-2
1557569701.543:1168362974,53FB9E90-952A-F89B-8F61-2EBD2916E611:dhclient-script,EXECUTE,20CCE72E-AC53-3270-2C16-50F63B47AA4C,resolvconf,ta1-trace-2
1557569701.543:1168362963,198ED20D-F82A-E09B-8F99-00B9BC57DFB9:dhclient-script,FORK,53FB9E90-952A-F89B-8F61-2EBD2916E611,dhclient-script,ta1-trace-2
1557569701.531:1168362696,5A3513C9-D294-52B1-8824-26806187A4C0:dhclient,EXECUTE,198ED20D-F82A-E09B-8F99-00B9BC57DFB9,dhclient-script,ta1-trace-2
1557569679.851:1168317536,7D33B12C-F734-7D0F-0B3A-F25ACDDE5283:update-motd-fsc,EXECUTE,EE0FC958-2924-C389-AFBD-D51F847578AE,cat,ta1-trace-2
1557569679.851:1168317534,74C6705F-0366-418C-9865-E188EAA0DDCD:update-motd-fsc,FORK,7D33B12C-F734-7D0F-0B3A-F25ACDDE5283,update-motd-fsc,ta1-trace-2
1557569679.847:1168317319,0A7AC6F2-3215-7493-D6E6-55C01E3C5E20:98-fsck-at-rebo,EXECUTE,74C6705F-0366-418C-9865-E188EAA0DDCD,update-motd-fsc,ta1-trace-2
1557569679.847:1168317297,1EA0D4B6-9259-BAA1-AA08-E77D1FA787E0:run-parts,EXECUTE,0A7AC6F2-3215-7493-D6E6-55C01E3C5E20,98-fsck-at-rebo,ta1-trace-2
1557569679.847:1168317296,2D1B65A2-9520-0C80-A9EA-BC0D12E8C644:run-parts,FORK,1EA0D4B6-9259-BAA1-AA08-E77D1FA787E0,run-parts,ta1-trace-2
1557569679.847:1168317247,0BD7BE00-DEC1-E502-9144-016848870C2C:update-motd-hwe,EXECUTE,BA412987-F618-8361-C6CB-70A65CE68BA4,cat,ta1-trace-2
1557569679.847:1168317245,33A9724C-763D-70C3-A21C-44065A8CCEAD:update-motd-hwe,FORK,0BD7BE00-DEC1-E502-9144-016848870C2C,update-motd-hwe,ta1-trace-2
1557569679.823:1168315864,E3F626A4-1900-FD42-C770-469EE06488B6:95-hwe-eol,EXECUTE,33A9724C-763D-70C3-A21C-44065A8CCEAD,update-motd-hwe,ta1-trace-2
1557569679.823:1168315843,4759DD3C-EFB5-1BFC-9B16-5942FBD6C3F6:run-parts,EXECUTE,E3F626A4-1900-FD42-C770-469EE06488B6,95-hwe-eol,ta1-trace-2
1557569679.823:1168315842,2D1B65A2-9520-0C80-A9EA-BC0D12E8C644:run-parts,FORK,4759DD3C-EFB5-1BFC-9B16-5942FBD6C3F6,run-parts,ta1-trace-2
1557569679.795:1168315144,E2BB18E8-EE4A-340B-5D1F-B8CFC91F6F75:update-motd-upd,EXECUTE,24EADB56-6F2E-C84C-161D-9B23F25A1CBC,cat,ta1-trace-2
1557569679.795:1168315142,B108CA6C-BA4A-9AA2-415C-C7519B79DE17:update-motd-upd,FORK,E2BB18E8-EE4A-340B-5D1F-B8CFC91F6F75,update-motd-upd,ta1-trace-2
1557569679.779:1168314091,1B684C48-073E-9AA5-F3D5-186440DBCD66:90-updates-avai,EXECUTE,B108CA6C-BA4A-9AA2-415C-C7519B79DE17,update-motd-upd,ta1-trace-2
1557569679.779:1168314070,479B4AFD-2E54-CB89-65F7-CC328444C640:run-parts,EXECUTE,1B684C48-073E-9AA5-F3D5-186440DBCD66,90-updates-avai,ta1-trace-2
1557569679.779:1168314069,2D1B65A2-9520-0C80-A9EA-BC0D12E8C644:run-parts,FORK,479B4AFD-2E54-CB89-65F7-CC328444C640,run-parts,ta1-trace-2
1557569679.607:1168305278,86BEBF53-D8D1-5042-4B1F-3BA6901811F0:env,EXECUTE,2D1B65A2-9520-0C80-A9EA-BC0D12E8C644,run-parts,ta1-trace-2
1557569679.603:1168305196,85123AC3-26FC-4178-5796-F84DE9755EE2:sh,EXECUTE,86BEBF53-D8D1-5042-4B1F-3BA6901811F0,env,ta1-trace-2
1557569679.603:1168305187,3BDE53D0-D5C8-1067-7139-7108A3E504CC:sh,FORK,85123AC3-26FC-4178-5796-F84DE9755EE2,sh,ta1-trace-2
1557569679.603:1168305150,BD940DBC-FBC4-F85E-098A-1B5480CA452C:sshd,EXECUTE,3BDE53D0-D5C8-1067-7139-7108A3E504CC,sh,ta1-trace-2
1557569679.603:1168305130,4C27E7EA-A2D7-3284-4B52-59265D88B018:sshd,FORK,BD940DBC-FBC4-F85E-098A-1B5480CA452C,sshd,ta1-trace-2
1557569679.583:1168304849,CFCC56DB-B22C-EECB-8F3E-FC7767DF91A3:sshd,CHANGE_PRINCIPAL,4C27E7EA-A2D7-3284-4B52-59265D88B018,sshd,ta1-trace-2
1557569679.583:1168304848,12389204-DBB9-9421-E492-D7BF90E54F20:sshd,CHANGE_PRINCIPAL,CFCC56DB-B22C-EECB-8F3E-FC7767DF91A3,sshd,ta1-trace-2
1557569679.583:1168304847,CFCC56DB-B22C-EECB-8F3E-FC7767DF91A3:sshd,CHANGE_PRINCIPAL,12389204-DBB9-9421-E492-D7BF90E54F20,sshd,ta1-trace-2
1557569679.583:1168304846,4C27E7EA-A2D7-3284-4B52-59265D88B018:sshd,CHANGE_PRINCIPAL,CFCC56DB-B22C-EECB-8F3E-FC7767DF91A3,sshd,ta1-trace-2
1557569679.579:1168304790,4C27E7EA-A2D7-3284-4B52-59265D88B018:sshd,MMAP,07E87BAE-732D-D58F-383B-111629036544,/etc/shadow,ta1-trace-2
1557569679.571:1168304752,4C27E7EA-A2D7-3284-4B52-59265D88B018:sshd,MMAP,07E87BAE-732D-D58F-383B-111629036544,/etc/shadow,ta1-trace-2
1557569679.467:1168304333,4C27E7EA-A2D7-3284-4B52-59265D88B018:sshd,READ,573E5010-1713-BD2C-2998-A48580BDA4D4,/etc/hosts,ta1-trace-2
1557569679.467:1168304332,4C27E7EA-A2D7-3284-4B52-59265D88B018:sshd,READ,573E5010-1713-BD2C-2998-A48580BDA4D4,/etc/hosts,ta1-trace-2
1557569679.367:1168303710,8244DA19-0E2C-A2E1-9CDB-EEED1DABD1AF:sshd,EXECUTE,4C27E7EA-A2D7-3284-4B52-59265D88B018,sshd,ta1-trace-2
1557569679.367:1168303689,DEF8FC47-7A9A-FBED-6B2A-08B2189BECCD:sshd,FORK,8244DA19-0E2C-A2E1-9CDB-EEED1DABD1AF,sshd,ta1-trace-2
1557569599.186:1168147207,DFFCB730-E532-DAAE-ABBB-3643E2274B75:update-motd-fsc,EXECUTE,7B5EE94E-1C9B-4F4A-635A-5BACCAD581FE,cat,ta1-trace-2
1557569599.186:1168147205,1F032C8B-289E-203C-557D-55DE02A33E25:update-motd-fsc,FORK,DFFCB730-E532-DAAE-ABBB-3643E2274B75,update-motd-fsc,ta1-trace-2
1557569599.182:1168146971,3D7111A7-7728-1ACD-48D0-3BEAEBCFC188:98-fsck-at-rebo,EXECUTE,1F032C8B-289E-203C-557D-55DE02A33E25,update-motd-fsc,ta1-trace-2
1557569599.182:1168146949,952C7504-D7E0-70AD-085F-98A41074824E:run-parts,EXECUTE,3D7111A7-7728-1ACD-48D0-3BEAEBCFC188,98-fsck-at-rebo,ta1-trace-2
1557569599.182:1168146948,8175D6D2-2F30-D0E2-C4F4-7F2A918591A4:run-parts,FORK,952C7504-D7E0-70AD-085F-98A41074824E,run-parts,ta1-trace-2
1557569599.182:1168146899,D013ED23-BC9A-58B0-4ECC-DC311A558B8E:update-motd-hwe,EXECUTE,7F199C2C-7D34-2A0E-E5A1-CC0D7DB525ED,cat,ta1-trace-2
1557569599.182:1168146897,A801BD5B-EF89-6C24-630C-B2E998551AA4:update-motd-hwe,FORK,D013ED23-BC9A-58B0-4ECC-DC311A558B8E,update-motd-hwe,ta1-trace-2
1557569599.158:1168145516,8B657E6D-795E-64EE-D08E-B5F4390A6EAB:95-hwe-eol,EXECUTE,A801BD5B-EF89-6C24-630C-B2E998551AA4,update-motd-hwe,ta1-trace-2
1557569599.158:1168145495,E176F26D-5308-DCC1-89FF-6391C285BE0D:run-parts,EXECUTE,8B657E6D-795E-64EE-D08E-B5F4390A6EAB,95-hwe-eol,ta1-trace-2
1557569599.158:1168145494,8175D6D2-2F30-D0E2-C4F4-7F2A918591A4:run-parts,FORK,E176F26D-5308-DCC1-89FF-6391C285BE0D,run-parts,ta1-trace-2
1557569599.122:1168144796,F915812D-4936-E154-760D-6FFE558C046A:update-motd-upd,EXECUTE,5D6422A3-239A-81FD-197D-7E7DDE3CBA37,cat,ta1-trace-2
1557569599.122:1168144794,902D54D4-334E-A4D6-0ED6-010805218E88:update-motd-upd,FORK,F915812D-4936-E154-760D-6FFE558C046A,update-motd-upd,ta1-trace-2
1557569599.106:1168143743,B00C176E-B52B-B15E-1DBA-6930AA393924:90-updates-avai,EXECUTE,902D54D4-334E-A4D6-0ED6-010805218E88,update-motd-upd,ta1-trace-2
1557569599.106:1168143722,93E49852-60A0-585C-D1F2-BCFD4CB87770:run-parts,EXECUTE,B00C176E-B52B-B15E-1DBA-6930AA393924,90-updates-avai,ta1-trace-2
1557569599.106:1168143721,8175D6D2-2F30-D0E2-C4F4-7F2A918591A4:run-parts,FORK,93E49852-60A0-585C-D1F2-BCFD4CB87770,run-parts,ta1-trace-2
1557569598.958:1168135629,3017A9E7-F8A5-8D42-1AD7-E9E252738442:env,EXECUTE,8175D6D2-2F30-D0E2-C4F4-7F2A918591A4,run-parts,ta1-trace-2
1557569598.958:1168135613,7B20F297-8FD3-3119-9239-4C2E176DD898:sh,EXECUTE,3017A9E7-F8A5-8D42-1AD7-E9E252738442,env,ta1-trace-2
1557569598.958:1168135607,9BF56686-0788-A7C0-856E-FD9A4BE11544:sh,FORK,7B20F297-8FD3-3119-9239-4C2E176DD898,sh,ta1-trace-2
1557569598.958:1168135561,BFBF5154-D66D-E169-27BC-79809B4E6769:sshd,EXECUTE,9BF56686-0788-A7C0-856E-FD9A4BE11544,sh,ta1-trace-2
1557569598.958:1168135448,A49483C6-DEA7-35CB-AF12-78357F371C42:sshd,FORK,BFBF5154-D66D-E169-27BC-79809B4E6769,sshd,ta1-trace-2
1557569598.930:1168135064,3DDB85D7-69A4-4E4C-3172-13CB84E731EB:sshd,CHANGE_PRINCIPAL,A49483C6-DEA7-35CB-AF12-78357F371C42,sshd,ta1-trace-2
1557569598.930:1168135063,52BF6B74-0F8F-7157-2EAA-A9A5965D1F93:sshd,CHANGE_PRINCIPAL,3DDB85D7-69A4-4E4C-3172-13CB84E731EB,sshd,ta1-trace-2
1557569598.930:1168135062,3DDB85D7-69A4-4E4C-3172-13CB84E731EB:sshd,CHANGE_PRINCIPAL,52BF6B74-0F8F-7157-2EAA-A9A5965D1F93,sshd,ta1-trace-2
1557569598.930:1168135061,A49483C6-DEA7-35CB-AF12-78357F371C42:sshd,CHANGE_PRINCIPAL,3DDB85D7-69A4-4E4C-3172-13CB84E731EB,sshd,ta1-trace-2
1557569598.930:1168135005,A49483C6-DEA7-35CB-AF12-78357F371C42:sshd,MMAP,07E87BAE-732D-D58F-383B-111629036544,/etc/shadow,ta1-trace-2
1557569598.918:1168134958,A49483C6-DEA7-35CB-AF12-78357F371C42:sshd,MMAP,07E87BAE-732D-D58F-383B-111629036544,/etc/shadow,ta1-trace-2
1557569598.810:1168134528,A49483C6-DEA7-35CB-AF12-78357F371C42:sshd,READ,573E5010-1713-BD2C-2998-A48580BDA4D4,/etc/hosts,ta1-trace-2
1557569598.810:1168134527,A49483C6-DEA7-35CB-AF12-78357F371C42:sshd,READ,573E5010-1713-BD2C-2998-A48580BDA4D4,/etc/hosts,ta1-trace-2
1557569598.710:1168133905,364D5044-3F72-BB24-CD36-3208CF7C94CF:sshd,EXECUTE,A49483C6-DEA7-35CB-AF12-78357F371C42,sshd,ta1-trace-2
1557569598.710:1168133884,DEF8FC47-7A9A-FBED-6B2A-08B2189BECCD:sshd,FORK,364D5044-3F72-BB24-CD36-3208CF7C94CF,sshd,ta1-trace-2
1557569441.441:1167831687,8C5BEDA9-AFAE-5494-B80F-44CED942415A:bash,EXECUTE,D8FA8CF1-3E00-929B-1960-CFF70BFC1BA8,b'ps',ta1-trace-2
1557569441.441:1167831681,63920040-4F22-49DE-7545-7288B164F735:bash,FORK,8C5BEDA9-AFAE-5494-B80F-44CED942415A,bash,ta1-trace-2
1557569441.341:1167831460,62D835F8-C409-B424-6565-B3F61337021F:cat,READ,573E5010-1713-BD2C-2998-A48580BDA4D4,/etc/hosts,ta1-trace-2
1557569441.341:1167831454,62D835F8-C409-B424-6565-B3F61337021F:cat,READ,573E5010-1713-BD2C-2998-A48580BDA4D4,/etc/hosts,ta1-trace-2
1557569441.341:1167831434,8C680F7E-7AF6-3360-D50E-2E7547906C18:bash,EXECUTE,62D835F8-C409-B424-6565-B3F61337021F,b'cat /etc/hosts',ta1-trace-2
1557569441.341:1167831428,63920040-4F22-49DE-7545-7288B164F735:bash,FORK,8C680F7E-7AF6-3360-D50E-2E7547906C18,bash,ta1-trace-2
1557569441.241:1167829317,A0751168-183D-2866-FFDE-48A71819E190:bash,EXECUTE,F7D01B2D-5C8E-2500-AF78-3E8F79C9FC1D,b'ps',ta1-trace-2
1557569441.241:1167829309,63920040-4F22-49DE-7545-7288B164F735:bash,FORK,A0751168-183D-2866-FFDE-48A71819E190,bash,ta1-trace-2
1557569440.837:1167827476,32B3E49B-B675-0ACA-B2AE-A7932B13945F:cat,READ,573E5010-1713-BD2C-2998-A48580BDA4D4,/etc/hosts,ta1-trace-2
1557569440.837:1167827470,32B3E49B-B675-0ACA-B2AE-A7932B13945F:cat,READ,573E5010-1713-BD2C-2998-A48580BDA4D4,/etc/hosts,ta1-trace-2
1557569440.837:1167827446,F3525679-E950-83B1-5528-507E919C79D1:bash,EXECUTE,32B3E49B-B675-0ACA-B2AE-A7932B13945F,b'cat /etc/hosts',ta1-trace-2
1557569440.837:1167827440,63920040-4F22-49DE-7545-7288B164F735:bash,FORK,F3525679-E950-83B1-5528-507E919C79D1,bash,ta1-trace-2
1557569440.737:1167827199,324FF369-8E45-B876-8A95-D265DABAA341:bash,EXECUTE,B5354E5A-AB99-46D6-9A1A-F4C56718031D,b'cat /etc/passwd',ta1-trace-2
1557569440.737:1167827193,63920040-4F22-49DE-7545-7288B164F735:bash,FORK,324FF369-8E45-B876-8A95-D265DABAA341,bash,ta1-trace-2
1557569440.633:1167826920,56B0C04E-60BC-2D64-604D-E42175952773:bash,EXECUTE,1BE6D79A-0068-423C-F82C-2054352E5A74,b'cat /etc/passwd',ta1-trace-2
1557569440.633:1167826914,63920040-4F22-49DE-7545-7288B164F735:bash,FORK,56B0C04E-60BC-2D64-604D-E42175952773,bash,ta1-trace-2
1557569440.353:1167823388,8DF6D8DB-107D-CF7E-23F9-63AD9B55A43C:sshd,EXECUTE,63920040-4F22-49DE-7545-7288B164F735,bash,ta1-trace-2
1557569440.353:1167823273,0A720BF7-33F1-40EA-1DDA-458FA2077615:sshd,FORK,8DF6D8DB-107D-CF7E-23F9-63AD9B55A43C,sshd,ta1-trace-2
1557569440.353:1167823201,6C363820-8D5B-FFDF-64E5-020971ABF8C6:sshd,CHANGE_PRINCIPAL,0A720BF7-33F1-40EA-1DDA-458FA2077615,sshd,ta1-trace-2
1557569440.349:1167823179,714DF3DB-3BD0-9DC4-6408-A281FEB1F70E:sshd,CHANGE_PRINCIPAL,6C363820-8D5B-FFDF-64E5-020971ABF8C6,sshd,ta1-trace-2
1557569440.349:1167823176,7233FE05-AD2B-025F-4DEB-3233534596EB:sshd,FORK,714DF3DB-3BD0-9DC4-6408-A281FEB1F70E,sshd,ta1-trace-2
1557569440.349:1167823049,F91F5FDF-6B06-5352-B2FD-9965A51A13BC:update-motd-fsc,EXECUTE,8D0928F7-6AF6-E967-80B1-B6495D370261,cat,ta1-trace-2
1557569440.349:1167823047,7C403B5A-800A-4AFB-BAAE-8D595CE9424B:update-motd-fsc,FORK,F91F5FDF-6B06-5352-B2FD-9965A51A13BC,update-motd-fsc,ta1-trace-2
1557569440.345:1167822808,AFFEBB5A-FBAF-55E4-CEF2-949E9EAA6744:98-fsck-at-rebo,EXECUTE,7C403B5A-800A-4AFB-BAAE-8D595CE9424B,update-motd-fsc,ta1-trace-2
1557569440.345:1167822786,EEFB7D49-EDCD-8D01-68F6-98E3B1F65C0C:run-parts,EXECUTE,AFFEBB5A-FBAF-55E4-CEF2-949E9EAA6744,98-fsck-at-rebo,ta1-trace-2
1557569440.345:1167822785,7B99651E-C4A3-1E40-74B0-AB5D67C387CC:run-parts,FORK,EEFB7D49-EDCD-8D01-68F6-98E3B1F65C0C,run-parts,ta1-trace-2
1557569440.345:1167822732,D1CB5130-DF18-E82C-F985-5EC9C011EC5E:update-motd-hwe,EXECUTE,30A424EB-48DD-48EE-806F-938BADEC8702,cat,ta1-trace-2
1557569440.345:1167822730,21796EE1-96BA-1D1E-6A66-A308A5BFE93E:update-motd-hwe,FORK,D1CB5130-DF18-E82C-F985-5EC9C011EC5E,update-motd-hwe,ta1-trace-2
1557569440.321:1167821354,C503EAF7-5A88-E678-20BB-132522FE189F:95-hwe-eol,EXECUTE,21796EE1-96BA-1D1E-6A66-A308A5BFE93E,update-motd-hwe,ta1-trace-2
1557569440.321:1167821325,8A357EA8-E6F9-DA0C-BABB-CAE4F1CB78C3:run-parts,EXECUTE,C503EAF7-5A88-E678-20BB-132522FE189F,95-hwe-eol,ta1-trace-2
1557569440.321:1167821321,7B99651E-C4A3-1E40-74B0-AB5D67C387CC:run-parts,FORK,8A357EA8-E6F9-DA0C-BABB-CAE4F1CB78C3,run-parts,ta1-trace-2
1557569440.289:1167820611,2FDFCC20-0A55-6CF4-CE22-87AFEF4FB449:update-motd-upd,EXECUTE,BAC6599C-99D6-672B-B682-28E8A542D231,cat,ta1-trace-2
1557569440.289:1167820609,328C4ECE-8A5D-8537-0F9B-F0A778C4E29B:update-motd-upd,FORK,2FDFCC20-0A55-6CF4-CE22-87AFEF4FB449,update-motd-upd,ta1-trace-2
1557569440.277:1167819545,AC09E179-AB83-EA8E-D3C5-C45323BAC0D5:90-updates-avai,EXECUTE,328C4ECE-8A5D-8537-0F9B-F0A778C4E29B,update-motd-upd,ta1-trace-2
1557569440.273:1167819524,1B72AB10-1C23-642B-2D9E-6B0FBBAD9D68:run-parts,EXECUTE,AC09E179-AB83-EA8E-D3C5-C45323BAC0D5,90-updates-avai,ta1-trace-2
1557569440.273:1167819523,7B99651E-C4A3-1E40-74B0-AB5D67C387CC:run-parts,FORK,1B72AB10-1C23-642B-2D9E-6B0FBBAD9D68,run-parts,ta1-trace-2
1557569440.113:1167811281,4C6E7568-E4D0-1B0F-CD94-0E702E568309:env,EXECUTE,7B99651E-C4A3-1E40-74B0-AB5D67C387CC,run-parts,ta1-trace-2
1557569440.113:1167811218,68630A83-033D-7631-1179-608B8174C4CD:sh,EXECUTE,4C6E7568-E4D0-1B0F-CD94-0E702E568309,env,ta1-trace-2
1557569440.113:1167811206,2D9809CB-0813-29EF-423B-6E8CA60F6E40:sh,FORK,68630A83-033D-7631-1179-608B8174C4CD,sh,ta1-trace-2
1557569440.113:1167811137,789C4AA4-0570-C1D9-C7EC-56E90EAF8336:sshd,EXECUTE,2D9809CB-0813-29EF-423B-6E8CA60F6E40,sh,ta1-trace-2
1557569440.113:1167811130,7233FE05-AD2B-025F-4DEB-3233534596EB:sshd,FORK,789C4AA4-0570-C1D9-C7EC-56E90EAF8336,sshd,ta1-trace-2
1557569440.093:1167810900,FADE9228-C553-0B17-A9E6-40C94AF62222:sshd,CHANGE_PRINCIPAL,7233FE05-AD2B-025F-4DEB-3233534596EB,sshd,ta1-trace-2
1557569440.093:1167810899,3DAF974E-373D-0C92-27BD-7CA9BBBC6C77:sshd,CHANGE_PRINCIPAL,FADE9228-C553-0B17-A9E6-40C94AF62222,sshd,ta1-trace-2
1557569440.093:1167810898,FADE9228-C553-0B17-A9E6-40C94AF62222:sshd,CHANGE_PRINCIPAL,3DAF974E-373D-0C92-27BD-7CA9BBBC6C77,sshd,ta1-trace-2
1557569440.093:1167810897,7233FE05-AD2B-025F-4DEB-3233534596EB:sshd,CHANGE_PRINCIPAL,FADE9228-C553-0B17-A9E6-40C94AF62222,sshd,ta1-trace-2
1557569440.089:1167810841,7233FE05-AD2B-025F-4DEB-3233534596EB:sshd,MMAP,07E87BAE-732D-D58F-383B-111629036544,/etc/shadow,ta1-trace-2
1557569440.081:1167810809,7233FE05-AD2B-025F-4DEB-3233534596EB:sshd,MMAP,07E87BAE-732D-D58F-383B-111629036544,/etc/shadow,ta1-trace-2
1557569439.977:1167810327,7233FE05-AD2B-025F-4DEB-3233534596EB:sshd,READ,573E5010-1713-BD2C-2998-A48580BDA4D4,/etc/hosts,ta1-trace-2
1557569439.977:1167810326,7233FE05-AD2B-025F-4DEB-3233534596EB:sshd,READ,573E5010-1713-BD2C-2998-A48580BDA4D4,/etc/hosts,ta1-trace-2
1557569439.877:1167809660,3396B71B-2837-C225-EE54-E911884FCD7E:sshd,EXECUTE,7233FE05-AD2B-025F-4DEB-3233534596EB,sshd,ta1-trace-2
1557569439.877:1167809639,DEF8FC47-7A9A-FBED-6B2A-08B2189BECCD:sshd,FORK,3396B71B-2837-C225-EE54-E911884FCD7E,sshd,ta1-trace-2
1557569339.628:1167582082,0053ACC1-BE7E-18CF-D18D-B0185A1B6289:bash,EXECUTE,8D8C54E9-A232-46F6-B677-F7BA5D623396,b'cat /etc/passwd',ta1-trace-2
1557569339.628:1167582054,26402025-BAD2-4817-FBFB-A3F048D72FE1:bash,FORK,0053ACC1-BE7E-18CF-D18D-B0185A1B6289,bash,ta1-trace-2
1557569339.520:1167581232,93FE1AF3-4F70-AA6D-D91C-B362AB2F6597:bash,EXECUTE,8FABE0D9-59D9-1146-4491-614579EF592F,b'cat /etc/passwd',ta1-trace-2
1557569339.520:1167581226,26402025-BAD2-4817-FBFB-A3F048D72FE1:bash,FORK,93FE1AF3-4F70-AA6D-D91C-B362AB2F6597,bash,ta1-trace-2
1557569339.420:1167577572,41DDF7FD-0CBD-A2F2-2A5D-F5B5F194892B:bash,EXECUTE,2C45B77B-E736-AFBF-56A9-9E0E4900F683,b'ps -aux',ta1-trace-2
1557569339.420:1167577566,26402025-BAD2-4817-FBFB-A3F048D72FE1:bash,FORK,41DDF7FD-0CBD-A2F2-2A5D-F5B5F194892B,bash,ta1-trace-2
1557569339.320:1167577279,C8E553B7-1785-6E01-48BA-19045BADC5F2:bash,EXECUTE,CDBAE98D-F5B2-DFE4-753A-A11B4A15FC9A,b'hostname',ta1-trace-2
1557569339.320:1167577273,26402025-BAD2-4817-FBFB-A3F048D72FE1:bash,FORK,C8E553B7-1785-6E01-48BA-19045BADC5F2,bash,ta1-trace-2
1557569339.196:1167576942,B8763450-ED3E-22D7-14E7-C48E2A503143:bash,EXECUTE,715D8CEC-6E2B-D89E-6B94-26FC2691650F,b'hostname',ta1-trace-2
1557569339.196:1167576928,26402025-BAD2-4817-FBFB-A3F048D72FE1:bash,FORK,B8763450-ED3E-22D7-14E7-C48E2A503143,bash,ta1-trace-2
1557569338.820:1167572101,873AFBA8-06FA-0936-1EAB-B98F860B6265:sshd,EXECUTE,26402025-BAD2-4817-FBFB-A3F048D72FE1,bash,ta1-trace-2
1557569338.816:1167571978,C18370FC-BC10-BA03-DD03-B51EE8817EEA:sshd,FORK,873AFBA8-06FA-0936-1EAB-B98F860B6265,sshd,ta1-trace-2
1557569338.816:1167571902,9398632A-8907-15AE-0279-6AD93FAF9257:sshd,CHANGE_PRINCIPAL,C18370FC-BC10-BA03-DD03-B51EE8817EEA,sshd,ta1-trace-2
1557569338.816:1167571880,ACF95514-D9A8-CE83-1DB9-77347253DF30:sshd,CHANGE_PRINCIPAL,9398632A-8907-15AE-0279-6AD93FAF9257,sshd,ta1-trace-2
1557569338.816:1167571877,0B9A7D82-0B48-5115-7033-053325258B70:sshd,FORK,ACF95514-D9A8-CE83-1DB9-77347253DF30,sshd,ta1-trace-2
1557569338.812:1167571750,11BB997C-3AE7-2E35-665F-1244E6605402:update-motd-fsc,EXECUTE,BEAFE4BF-02B6-200D-DF7C-2DC07954B77A,cat,ta1-trace-2
1557569338.812:1167571748,55DC8E39-1AF3-741C-23BB-7C1215E7BA66:update-motd-fsc,FORK,11BB997C-3AE7-2E35-665F-1244E6605402,update-motd-fsc,ta1-trace-2
1557569338.812:1167571533,5E859D44-47F9-C8F5-55C3-E455BF0BA5A9:98-fsck-at-rebo,EXECUTE,55DC8E39-1AF3-741C-23BB-7C1215E7BA66,update-motd-fsc,ta1-trace-2
1557569338.812:1167571511,C69E7CD2-8D28-B4D0-43E8-5A77E33A97A9:run-parts,EXECUTE,5E859D44-47F9-C8F5-55C3-E455BF0BA5A9,98-fsck-at-rebo,ta1-trace-2
1557569338.812:1167571510,AAFB4026-0917-26EF-9FAF-3CA7F5614E28:run-parts,FORK,C69E7CD2-8D28-B4D0-43E8-5A77E33A97A9,run-parts,ta1-trace-2
1557569338.808:1167571459,0C616A99-77F3-79D0-B90E-7300FDFD5FF1:update-motd-hwe,EXECUTE,C7CC3813-7420-274D-4780-B86A79D94E6F,cat,ta1-trace-2
1557569338.808:1167571457,56364E6B-84DC-0120-AB05-671AB0144228:update-motd-hwe,FORK,0C616A99-77F3-79D0-B90E-7300FDFD5FF1,update-motd-hwe,ta1-trace-2
1557569338.712:1167568830,CB36B740-E71F-452A-6053-EB0D9DADF49B:95-hwe-eol,EXECUTE,56364E6B-84DC-0120-AB05-671AB0144228,update-motd-hwe,ta1-trace-2
1557569338.712:1167568809,5C955AC1-6634-7AA7-0AA9-6CDBE4E6F83A:run-parts,EXECUTE,CB36B740-E71F-452A-6053-EB0D9DADF49B,95-hwe-eol,ta1-trace-2
1557569338.712:1167568808,AAFB4026-0917-26EF-9FAF-3CA7F5614E28:run-parts,FORK,5C955AC1-6634-7AA7-0AA9-6CDBE4E6F83A,run-parts,ta1-trace-2
1557569338.680:1167568111,34BF7372-984E-66FA-90F5-6204332C5DE3:update-motd-upd,EXECUTE,2B771070-2199-9F37-5D01-FE8912A4C1C9,cat,ta1-trace-2
1557569338.680:1167568109,CE3A29F7-1872-79C8-1F12-A4094FA52A7A:update-motd-upd,FORK,34BF7372-984E-66FA-90F5-6204332C5DE3,update-motd-upd,ta1-trace-2
1557569338.664:1167567049,E7B1ECE6-1606-31E2-C14C-08443BFB53A0:90-updates-avai,EXECUTE,CE3A29F7-1872-79C8-1F12-A4094FA52A7A,update-motd-upd,ta1-trace-2
1557569338.664:1167567028,9B886CF3-DD6C-CE63-56DC-C7DD183BA98B:run-parts,EXECUTE,E7B1ECE6-1606-31E2-C14C-08443BFB53A0,90-updates-avai,ta1-trace-2
1557569338.664:1167567027,AAFB4026-0917-26EF-9FAF-3CA7F5614E28:run-parts,FORK,9B886CF3-DD6C-CE63-56DC-C7DD183BA98B,run-parts,ta1-trace-2
1557569338.520:1167558414,0FEE7A81-21A9-2175-417F-384340C25325:env,EXECUTE,AAFB4026-0917-26EF-9FAF-3CA7F5614E28,run-parts,ta1-trace-2
1557569338.520:1167558389,3CD8402A-5E15-B7D7-8EA9-6B9996449A1E:sh,EXECUTE,0FEE7A81-21A9-2175-417F-384340C25325,env,ta1-trace-2
1557569338.520:1167558388,24842E4F-ACE9-A8EE-69BD-54CC72031587:sh,FORK,3CD8402A-5E15-B7D7-8EA9-6B9996449A1E,sh,ta1-trace-2
1557569338.516:1167558340,03C67D0F-E7FE-D1E8-FDFF-6925404BD6AD:sshd,EXECUTE,24842E4F-ACE9-A8EE-69BD-54CC72031587,sh,ta1-trace-2
1557569338.516:1167558313,0B9A7D82-0B48-5115-7033-053325258B70:sshd,FORK,03C67D0F-E7FE-D1E8-FDFF-6925404BD6AD,sshd,ta1-trace-2
1557569338.496:1167557874,0D2FBFE1-4FF4-4295-0D3A-1603512B76D0:sshd,CHANGE_PRINCIPAL,0B9A7D82-0B48-5115-7033-053325258B70,sshd,ta1-trace-2
1557569338.496:1167557873,A4048DC8-1A59-A414-1AF1-02542E973609:sshd,CHANGE_PRINCIPAL,0D2FBFE1-4FF4-4295-0D3A-1603512B76D0,sshd,ta1-trace-2
1557569338.496:1167557872,0D2FBFE1-4FF4-4295-0D3A-1603512B76D0:sshd,CHANGE_PRINCIPAL,A4048DC8-1A59-A414-1AF1-02542E973609,sshd,ta1-trace-2
1557569338.496:1167557871,0B9A7D82-0B48-5115-7033-053325258B70:sshd,CHANGE_PRINCIPAL,0D2FBFE1-4FF4-4295-0D3A-1603512B76D0,sshd,ta1-trace-2
1557569338.492:1167557815,0B9A7D82-0B48-5115-7033-053325258B70:sshd,MMAP,07E87BAE-732D-D58F-383B-111629036544,/etc/shadow,ta1-trace-2
1557569338.484:1167557783,0B9A7D82-0B48-5115-7033-053325258B70:sshd,MMAP,07E87BAE-732D-D58F-383B-111629036544,/etc/shadow,ta1-trace-2
1557569338.380:1167557301,0B9A7D82-0B48-5115-7033-053325258B70:sshd,READ,573E5010-1713-BD2C-2998-A48580BDA4D4,/etc/hosts,ta1-trace-2
1557569338.380:1167557300,0B9A7D82-0B48-5115-7033-053325258B70:sshd,READ,573E5010-1713-BD2C-2998-A48580BDA4D4,/etc/hosts,ta1-trace-2
1557569338.312:1167556700,762E92A7-94CB-43F8-2692-F182E7259B78:sshd,EXECUTE,0B9A7D82-0B48-5115-7033-053325258B70,sshd,ta1-trace-2
1557569338.312:1167556673,DEF8FC47-7A9A-FBED-6B2A-08B2189BECCD:sshd,FORK,762E92A7-94CB-43F8-2692-F182E7259B78,sshd,ta1-trace-2
1557569177.850:1167155652,DD351F94-E342-9AD2-AF5C-6560C72E26A7:perl,MMAP,07E87BAE-732D-D58F-383B-111629036544,/etc/shadow,ta1-trace-2
1557569177.846:1167155542,8A5BF59B-B0E7-AAC0-4A85-77F14B38015F:man-db.postinst,EXECUTE,DD351F94-E342-9AD2-AF5C-6560C72E26A7,perl,ta1-trace-2
1557569177.846:1167155536,02038EB7-AA2A-51EE-3BD8-5B962183CA0B:man-db.postinst,FORK,8A5BF59B-B0E7-AAC0-4A85-77F14B38015F,man-db.postinst,ta1-trace-2
1557569177.846:1167155515,BEB9C2AD-1B79-57CD-0D91-4C350E8255FC:dpkg,EXECUTE,02038EB7-AA2A-51EE-3BD8-5B962183CA0B,man-db.postinst,ta1-trace-2
1557569177.846:1167155514,7A9EBA60-5988-913C-EFE6-A583C2189C43:dpkg,FORK,BEB9C2AD-1B79-57CD-0D91-4C350E8255FC,dpkg,ta1-trace-2
1557569177.146:1167142828,69F98C18-31D3-A13A-7D99-B22B6B4EBED8:sudo,EXECUTE,7A9EBA60-5988-913C-EFE6-A583C2189C43,dpkg,ta1-trace-2
1557569177.146:1167142818,F6AB90C8-55B0-CD17-CD22-337810280419:sudo,CHANGE_PRINCIPAL,69F98C18-31D3-A13A-7D99-B22B6B4EBED8,sudo,ta1-trace-2
1557569177.146:1167142812,045D9094-C3EC-73E7-76D4-566CFB850D33:sudo,FORK,F6AB90C8-55B0-CD17-CD22-337810280419,sudo,ta1-trace-2
1557569177.146:1167142768,0853D890-6D07-869B-C692-7F61E6DA9FD8:sudo,CHANGE_PRINCIPAL,045D9094-C3EC-73E7-76D4-566CFB850D33,sudo,ta1-trace-2
1557569177.146:1167142754,8D461948-C7AE-DD3A-2305-AE072940E13A:sudo,CHANGE_PRINCIPAL,0853D890-6D07-869B-C692-7F61E6DA9FD8,sudo,ta1-trace-2
1557569177.146:1167142751,0853D890-6D07-869B-C692-7F61E6DA9FD8:sudo,CHANGE_PRINCIPAL,8D461948-C7AE-DD3A-2305-AE072940E13A,sudo,ta1-trace-2
1557569177.142:1167142562,07219D48-23AB-3881-20BC-24ACAF93219A:sudo,CHANGE_PRINCIPAL,0853D890-6D07-869B-C692-7F61E6DA9FD8,sudo,ta1-trace-2
1557569177.142:1167142551,8D461948-C7AE-DD3A-2305-AE072940E13A:sudo,CHANGE_PRINCIPAL,07219D48-23AB-3881-20BC-24ACAF93219A,sudo,ta1-trace-2
1557569177.142:1167142544,8D461948-C7AE-DD3A-2305-AE072940E13A:sudo,READ,573E5010-1713-BD2C-2998-A48580BDA4D4,/etc/hosts,ta1-trace-2
1557569177.142:1167142543,8D461948-C7AE-DD3A-2305-AE072940E13A:sudo,READ,573E5010-1713-BD2C-2998-A48580BDA4D4,/etc/hosts,ta1-trace-2
1557569177.142:1167142521,A2C20B1C-101F-4105-DD07-88334CFF1AD3:sudo,CHANGE_PRINCIPAL,8D461948-C7AE-DD3A-2305-AE072940E13A,sudo,ta1-trace-2
1557569177.142:1167142517,8D461948-C7AE-DD3A-2305-AE072940E13A:sudo,CHANGE_PRINCIPAL,A2C20B1C-101F-4105-DD07-88334CFF1AD3,sudo,ta1-trace-2
1557569177.142:1167142513,A2C20B1C-101F-4105-DD07-88334CFF1AD3:sudo,CHANGE_PRINCIPAL,8D461948-C7AE-DD3A-2305-AE072940E13A,sudo,ta1-trace-2
1557569177.142:1167142509,8D461948-C7AE-DD3A-2305-AE072940E13A:sudo,CHANGE_PRINCIPAL,A2C20B1C-101F-4105-DD07-88334CFF1AD3,sudo,ta1-trace-2
1557569177.142:1167142505,A2C20B1C-101F-4105-DD07-88334CFF1AD3:sudo,CHANGE_PRINCIPAL,8D461948-C7AE-DD3A-2305-AE072940E13A,sudo,ta1-trace-2
1557569177.142:1167142501,8D461948-C7AE-DD3A-2305-AE072940E13A:sudo,CHANGE_PRINCIPAL,A2C20B1C-101F-4105-DD07-88334CFF1AD3,sudo,ta1-trace-2
1557569177.142:1167142497,A2C20B1C-101F-4105-DD07-88334CFF1AD3:sudo,CHANGE_PRINCIPAL,8D461948-C7AE-DD3A-2305-AE072940E13A,sudo,ta1-trace-2
1557569177.142:1167142493,0853D890-6D07-869B-C692-7F61E6DA9FD8:sudo,CHANGE_PRINCIPAL,A2C20B1C-101F-4105-DD07-88334CFF1AD3,sudo,ta1-trace-2
1557569177.138:1167142317,71146C7E-9824-A3BD-DE74-FC6E2DBE252B:bash,EXECUTE,0853D890-6D07-869B-C692-7F61E6DA9FD8,b'sudo dpkg -i xvnc4viewer.deb',ta1-trace-2
1557569177.138:1167142317,7A469DA1-BAC7-1F6E-0306-2F1BF1CDDFA8:bash,CHANGE_PRINCIPAL,71146C7E-9824-A3BD-DE74-FC6E2DBE252B,bash,ta1-trace-2
1557569177.138:1167142311,F1F48C0A-5E45-137A-5F38-816DADEBCADD:bash,FORK,7A469DA1-BAC7-1F6E-0306-2F1BF1CDDFA8,bash,ta1-trace-2
1557569174.426:1167099968,F358A4F4-5419-9205-CBA1-8263D7E87DB7:perl,MMAP,07E87BAE-732D-D58F-383B-111629036544,/etc/shadow,ta1-trace-2
1557569174.422:1167099858,62F35A40-9391-3B9C-3BC3-F8C976311568:man-db.postinst,EXECUTE,F358A4F4-5419-9205-CBA1-8263D7E87DB7,perl,ta1-trace-2
1557569174.422:1167099856,91AF3118-3A99-6A12-E590-4FE37F69077E:man-db.postinst,FORK,62F35A40-9391-3B9C-3BC3-F8C976311568,man-db.postinst,ta1-trace-2
1557569174.422:1167099835,3320E038-559C-38D3-97AF-FE90D8ABBC1B:dpkg,EXECUTE,91AF3118-3A99-6A12-E590-4FE37F69077E,man-db.postinst,ta1-trace-2
1557569174.422:1167099834,CBA585B4-2B32-51D6-2B8F-AD41D5A42C1A:dpkg,FORK,3320E038-559C-38D3-97AF-FE90D8ABBC1B,dpkg,ta1-trace-2
1557569174.154:1167089866,119239F9-C989-D94F-2A1D-3ADC0AF79B58:sudo,EXECUTE,CBA585B4-2B32-51D6-2B8F-AD41D5A42C1A,dpkg,ta1-trace-2
1557569174.154:1167089856,3896A0AE-B71D-827C-8F71-A7AA3DE4F0BA:sudo,CHANGE_PRINCIPAL,119239F9-C989-D94F-2A1D-3ADC0AF79B58,sudo,ta1-trace-2
1557569174.154:1167089850,05033762-D96D-4AC7-188B-7E303F986CFE:sudo,FORK,3896A0AE-B71D-827C-8F71-A7AA3DE4F0BA,sudo,ta1-trace-2
1557569174.154:1167089810,A2054E32-8ED9-95E2-2EB4-35EE8DB68C30:sudo,CHANGE_PRINCIPAL,05033762-D96D-4AC7-188B-7E303F986CFE,sudo,ta1-trace-2
1557569174.154:1167089797,A5BB4144-4AC5-D488-E9CE-7FACDE1F395A:sudo,CHANGE_PRINCIPAL,A2054E32-8ED9-95E2-2EB4-35EE8DB68C30,sudo,ta1-trace-2
1557569174.154:1167089793,A2054E32-8ED9-95E2-2EB4-35EE8DB68C30:sudo,CHANGE_PRINCIPAL,A5BB4144-4AC5-D488-E9CE-7FACDE1F395A,sudo,ta1-trace-2
1557569174.154:1167089784,A2054E32-8ED9-95E2-2EB4-35EE8DB68C30:sudo,MMAP,07E87BAE-732D-D58F-383B-111629036544,/etc/shadow,ta1-trace-2
1557569174.146:1167089736,A2054E32-8ED9-95E2-2EB4-35EE8DB68C30:sudo,MMAP,07E87BAE-732D-D58F-383B-111629036544,/etc/shadow,ta1-trace-2
1557569174.042:1167089287,39A6DC0B-0724-D3CB-D2EA-8A8A1DF04856:sudo,CHANGE_PRINCIPAL,A2054E32-8ED9-95E2-2EB4-35EE8DB68C30,sudo,ta1-trace-2
1557569174.042:1167089276,A5BB4144-4AC5-D488-E9CE-7FACDE1F395A:sudo,CHANGE_PRINCIPAL,39A6DC0B-0724-D3CB-D2EA-8A8A1DF04856,sudo,ta1-trace-2
1557569174.042:1167089269,A5BB4144-4AC5-D488-E9CE-7FACDE1F395A:sudo,READ,573E5010-1713-BD2C-2998-A48580BDA4D4,/etc/hosts,ta1-trace-2
1557569174.042:1167089268,A5BB4144-4AC5-D488-E9CE-7FACDE1F395A:sudo,READ,573E5010-1713-BD2C-2998-A48580BDA4D4,/etc/hosts,ta1-trace-2
1557569174.042:1167089246,2A8DC302-2D28-5E2A-ADEE-AF159CCD215B:sudo,CHANGE_PRINCIPAL,A5BB4144-4AC5-D488-E9CE-7FACDE1F395A,sudo,ta1-trace-2
1557569174.042:1167089242,A5BB4144-4AC5-D488-E9CE-7FACDE1F395A:sudo,CHANGE_PRINCIPAL,2A8DC302-2D28-5E2A-ADEE-AF159CCD215B,sudo,ta1-trace-2
1557569174.042:1167089238,2A8DC302-2D28-5E2A-ADEE-AF159CCD215B:sudo,CHANGE_PRINCIPAL,A5BB4144-4AC5-D488-E9CE-7FACDE1F395A,sudo,ta1-trace-2
1557569174.042:1167089234,A5BB4144-4AC5-D488-E9CE-7FACDE1F395A:sudo,CHANGE_PRINCIPAL,2A8DC302-2D28-5E2A-ADEE-AF159CCD215B,sudo,ta1-trace-2
1557569174.042:1167089230,2A8DC302-2D28-5E2A-ADEE-AF159CCD215B:sudo,CHANGE_PRINCIPAL,A5BB4144-4AC5-D488-E9CE-7FACDE1F395A,sudo,ta1-trace-2
1557569174.042:1167089226,A5BB4144-4AC5-D488-E9CE-7FACDE1F395A:sudo,CHANGE_PRINCIPAL,2A8DC302-2D28-5E2A-ADEE-AF159CCD215B,sudo,ta1-trace-2
1557569174.042:1167089222,2A8DC302-2D28-5E2A-ADEE-AF159CCD215B:sudo,CHANGE_PRINCIPAL,A5BB4144-4AC5-D488-E9CE-7FACDE1F395A,sudo,ta1-trace-2
1557569174.042:1167089218,A2054E32-8ED9-95E2-2EB4-35EE8DB68C30:sudo,CHANGE_PRINCIPAL,2A8DC302-2D28-5E2A-ADEE-AF159CCD215B,sudo,ta1-trace-2
1557569174.038:1167089043,31A23E80-E279-E8A0-2032-A020E4C53A8B:bash,EXECUTE,A2054E32-8ED9-95E2-2EB4-35EE8DB68C30,b'sudo dpkg -r xvnc4viewer',ta1-trace-2
1557569174.038:1167089043,AAFFDA9D-DDFD-F903-ABA6-207869E800DF:bash,CHANGE_PRINCIPAL,31A23E80-E279-E8A0-2032-A020E4C53A8B,bash,ta1-trace-2
1557569174.038:1167089037,F1F48C0A-5E45-137A-5F38-816DADEBCADD:bash,FORK,AAFFDA9D-DDFD-F903-ABA6-207869E800DF,bash,ta1-trace-2
1557569173.250:1167083126,D4233CF5-6A9A-49EC-E495-0AB59719CAE9:sshd,EXECUTE,F1F48C0A-5E45-137A-5F38-816DADEBCADD,bash,ta1-trace-2
1557569173.250:1167083019,A7C87974-6858-20BC-A6AC-ABA66BE9DF3F:sshd,FORK,D4233CF5-6A9A-49EC-E495-0AB59719CAE9,sshd,ta1-trace-2
1557569173.250:1167082947,1A2B3AED-FC21-0B0F-D8BA-B7629BEF3D44:sshd,CHANGE_PRINCIPAL,A7C87974-6858-20BC-A6AC-ABA66BE9DF3F,sshd,ta1-trace-2
1557569173.250:1167082925,872AC4F6-6666-E7AA-4D67-CA9AC0AA550C:sshd,CHANGE_PRINCIPAL,1A2B3AED-FC21-0B0F-D8BA-B7629BEF3D44,sshd,ta1-trace-2
1557569173.250:1167082922,DF3F0CA1-0316-2780-9D11-42E304291E36:sshd,FORK,872AC4F6-6666-E7AA-4D67-CA9AC0AA550C,sshd,ta1-trace-2
1557569173.246:1167082795,DD571195-3EAE-9870-7C70-7B5BC7EF8136:update-motd-fsc,EXECUTE,65A1EB3D-2FBE-2F9B-130E-628976C3985B,cat,ta1-trace-2
1557569173.246:1167082793,1167DF89-802A-4109-D220-7196ABFC7B36:update-motd-fsc,FORK,DD571195-3EAE-9870-7C70-7B5BC7EF8136,update-motd-fsc,ta1-trace-2
1557569173.242:1167082578,E46CCA8D-A54C-038A-6B23-F611B5815310:98-fsck-at-rebo,EXECUTE,1167DF89-802A-4109-D220-7196ABFC7B36,update-motd-fsc,ta1-trace-2
1557569173.242:1167082553,37C27768-2FCF-5AB2-7694-9A853EB45903:run-parts,EXECUTE,E46CCA8D-A54C-038A-6B23-F611B5815310,98-fsck-at-rebo,ta1-trace-2
1557569173.242:1167082549,DA38F718-9665-71B1-D505-F60179706528:run-parts,FORK,37C27768-2FCF-5AB2-7694-9A853EB45903,run-parts,ta1-trace-2
1557569173.242:1167082485,19DCBD92-1125-D2F8-7C97-158CCA58AB99:update-motd-hwe,EXECUTE,0B13E618-89F7-01FC-B4CB-075AD991A2E6,cat,ta1-trace-2
1557569173.242:1167082480,67E74D0F-164B-A042-985F-8C449ACC0227:update-motd-hwe,FORK,19DCBD92-1125-D2F8-7C97-158CCA58AB99,update-motd-hwe,ta1-trace-2
1557569173.222:1167081105,1698BEEF-1B3B-81FD-3939-3CC396A8BCE1:95-hwe-eol,EXECUTE,67E74D0F-164B-A042-985F-8C449ACC0227,update-motd-hwe,ta1-trace-2
1557569173.222:1167081084,E06F95B9-A287-5769-00E6-C8401E03D3B6:run-parts,EXECUTE,1698BEEF-1B3B-81FD-3939-3CC396A8BCE1,95-hwe-eol,ta1-trace-2
1557569173.222:1167081083,DA38F718-9665-71B1-D505-F60179706528:run-parts,FORK,E06F95B9-A287-5769-00E6-C8401E03D3B6,run-parts,ta1-trace-2
1557569173.190:1167080386,600669F3-7F29-6580-7C83-F1D9369ECC24:update-motd-upd,EXECUTE,17A3CC38-9B27-1D0E-4B00-FC399B78AF14,cat,ta1-trace-2
1557569173.190:1167080384,1F99FA6E-1AF9-8760-D9F0-37DCF9A3A215:update-motd-upd,FORK,600669F3-7F29-6580-7C83-F1D9369ECC24,update-motd-upd,ta1-trace-2
1557569173.174:1167079295,2901F1E4-F8DA-B2BF-B7A0-0C3037033E1E:90-updates-avai,EXECUTE,1F99FA6E-1AF9-8760-D9F0-37DCF9A3A215,update-motd-upd,ta1-trace-2
1557569173.174:1167079274,1625F9A6-91D2-7C5F-4C29-CE3DFF3FF9B7:run-parts,EXECUTE,2901F1E4-F8DA-B2BF-B7A0-0C3037033E1E,90-updates-avai,ta1-trace-2
1557569173.174:1167079273,DA38F718-9665-71B1-D505-F60179706528:run-parts,FORK,1625F9A6-91D2-7C5F-4C29-CE3DFF3FF9B7,run-parts,ta1-trace-2
1557569173.014:1167071059,5AC5E5EC-2B2F-11DD-8D25-308BC0601154:env,EXECUTE,DA38F718-9665-71B1-D505-F60179706528,run-parts,ta1-trace-2
1557569173.014:1167071041,17DCCF61-0261-F2D2-B47A-C3302B369B3B:sh,EXECUTE,5AC5E5EC-2B2F-11DD-8D25-308BC0601154,env,ta1-trace-2
1557569173.014:1167071039,AF543AB4-5057-6531-F940-9B09B59AF4A4:sh,FORK,17DCCF61-0261-F2D2-B47A-C3302B369B3B,sh,ta1-trace-2
1557569173.014:1167071001,FA6571C0-1CB4-568D-CBF1-E243662E633E:sshd,EXECUTE,AF543AB4-5057-6531-F940-9B09B59AF4A4,sh,ta1-trace-2
1557569173.014:1167070971,DF3F0CA1-0316-2780-9D11-42E304291E36:sshd,FORK,FA6571C0-1CB4-568D-CBF1-E243662E633E,sshd,ta1-trace-2
1557569172.986:1167070492,92C9615F-BDA8-594F-635F-54ED0F5CE757:sshd,CHANGE_PRINCIPAL,DF3F0CA1-0316-2780-9D11-42E304291E36,sshd,ta1-trace-2
1557569172.986:1167070491,B2DD10C1-134D-8BE0-73B2-4B1D69407AC4:sshd,CHANGE_PRINCIPAL,92C9615F-BDA8-594F-635F-54ED0F5CE757,sshd,ta1-trace-2
1557569172.986:1167070490,92C9615F-BDA8-594F-635F-54ED0F5CE757:sshd,CHANGE_PRINCIPAL,B2DD10C1-134D-8BE0-73B2-4B1D69407AC4,sshd,ta1-trace-2
1557569172.982:1167070489,DF3F0CA1-0316-2780-9D11-42E304291E36:sshd,CHANGE_PRINCIPAL,92C9615F-BDA8-594F-635F-54ED0F5CE757,sshd,ta1-trace-2
1557569172.982:1167070433,DF3F0CA1-0316-2780-9D11-42E304291E36:sshd,MMAP,07E87BAE-732D-D58F-383B-111629036544,/etc/shadow,ta1-trace-2
1557569172.970:1167070377,DF3F0CA1-0316-2780-9D11-42E304291E36:sshd,MMAP,07E87BAE-732D-D58F-383B-111629036544,/etc/shadow,ta1-trace-2
1557569172.866:1167069899,DF3F0CA1-0316-2780-9D11-42E304291E36:sshd,READ,573E5010-1713-BD2C-2998-A48580BDA4D4,/etc/hosts,ta1-trace-2
1557569172.866:1167069898,DF3F0CA1-0316-2780-9D11-42E304291E36:sshd,READ,573E5010-1713-BD2C-2998-A48580BDA4D4,/etc/hosts,ta1-trace-2
1557569172.766:1167069228,F3ECC12E-7BC9-1081-A995-2770267C6A30:sshd,EXECUTE,DF3F0CA1-0316-2780-9D11-42E304291E36,sshd,ta1-trace-2
1557569172.766:1167069207,DEF8FC47-7A9A-FBED-6B2A-08B2189BECCD:sshd,FORK,F3ECC12E-7BC9-1081-A995-2770267C6A30,sshd,ta1-trace-2
1557568911.327:1166480879,CC4F4768-443E-5B00-44C6-A99B3CE8A459:update-motd-fsc,EXECUTE,A65C5FA0-22CD-6287-3DF7-278F4E68B99A,cat,ta1-trace-2
1557568911.327:1166480877,68A909EF-D2D4-D793-C6AA-00150A19CC8C:update-motd-fsc,FORK,CC4F4768-443E-5B00-44C6-A99B3CE8A459,update-motd-fsc,ta1-trace-2
1557568911.303:1166478610,051234C1-8E62-E1B6-4153-A5FD752B2E76:98-fsck-at-rebo,EXECUTE,68A909EF-D2D4-D793-C6AA-00150A19CC8C,update-motd-fsc,ta1-trace-2
1557568911.303:1166478588,99C736CC-880C-B1A9-0079-177E2F561CA1:run-parts,EXECUTE,051234C1-8E62-E1B6-4153-A5FD752B2E76,98-fsck-at-rebo,ta1-trace-2
1557568911.303:1166478587,1D5FCDB5-508F-4D70-46FE-B6D5B6B3D0D2:run-parts,FORK,99C736CC-880C-B1A9-0079-177E2F561CA1,run-parts,ta1-trace-2
1557568911.303:1166478538,A2E4916F-FF18-C0D5-6C47-862D392E83EF:update-motd-hwe,EXECUTE,F830DE84-0506-6381-5A34-F707B75B598B,cat,ta1-trace-2
1557568911.303:1166478536,2623D54E-274F-7097-8236-DBC9109E068B:update-motd-hwe,FORK,A2E4916F-FF18-C0D5-6C47-862D392E83EF,update-motd-hwe,ta1-trace-2
1557568911.279:1166477136,AD75D675-6A6B-16A1-E9AB-526CC6148A3E:95-hwe-eol,EXECUTE,2623D54E-274F-7097-8236-DBC9109E068B,update-motd-hwe,ta1-trace-2
1557568911.279:1166477115,58D5AA9E-FC5E-3A33-853A-1D9E33F4A8CD:run-parts,EXECUTE,AD75D675-6A6B-16A1-E9AB-526CC6148A3E,95-hwe-eol,ta1-trace-2
1557568911.279:1166477114,1D5FCDB5-508F-4D70-46FE-B6D5B6B3D0D2:run-parts,FORK,58D5AA9E-FC5E-3A33-853A-1D9E33F4A8CD,run-parts,ta1-trace-2
1557568911.243:1166476392,A487E52A-2614-87A2-DAC9-E20A4B741D64:update-motd-upd,EXECUTE,F769014B-5E98-05C7-37E2-63B0D8B333AE,cat,ta1-trace-2
1557568911.243:1166476390,D0EED415-3DEB-50BB-C0A6-8CD60F5F1E2A:update-motd-upd,FORK,A487E52A-2614-87A2-DAC9-E20A4B741D64,update-motd-upd,ta1-trace-2
1557568911.227:1166475326,A1BF6607-E74C-14CF-88FF-37F571D213ED:90-updates-avai,EXECUTE,D0EED415-3DEB-50BB-C0A6-8CD60F5F1E2A,update-motd-upd,ta1-trace-2
1557568911.223:1166475305,3FCA60A8-1B26-CB14-0E7F-32A63B397E26:run-parts,EXECUTE,A1BF6607-E74C-14CF-88FF-37F571D213ED,90-updates-avai,ta1-trace-2
1557568911.223:1166475304,1D5FCDB5-508F-4D70-46FE-B6D5B6B3D0D2:run-parts,FORK,3FCA60A8-1B26-CB14-0E7F-32A63B397E26,run-parts,ta1-trace-2
1557568911.071:1166467095,9E974850-D9ED-0981-3B31-84290F659C00:env,EXECUTE,1D5FCDB5-508F-4D70-46FE-B6D5B6B3D0D2,run-parts,ta1-trace-2
1557568911.071:1166467068,56E0D6AA-B533-8D61-542F-34DFAE965D9B:sh,EXECUTE,9E974850-D9ED-0981-3B31-84290F659C00,env,ta1-trace-2
1557568911.067:1166467063,757F1CA7-47EA-B324-68BD-69105E4AD030:sh,FORK,56E0D6AA-B533-8D61-542F-34DFAE965D9B,sh,ta1-trace-2
1557568911.067:1166467029,1511CA9E-91AB-D415-F7E1-7461065F4F42:sshd,EXECUTE,757F1CA7-47EA-B324-68BD-69105E4AD030,sh,ta1-trace-2
1557568911.067:1166466969,EC10390E-E6A3-1253-9611-18AD3DC24809:sshd,FORK,1511CA9E-91AB-D415-F7E1-7461065F4F42,sshd,ta1-trace-2
1557568911.051:1166466698,87870E07-DF2A-8D05-345E-4548AD2906BD:sshd,CHANGE_PRINCIPAL,EC10390E-E6A3-1253-9611-18AD3DC24809,sshd,ta1-trace-2
1557568911.051:1166466697,26DAD9F2-E8E8-1214-19A2-EC50E68A36DF:sshd,CHANGE_PRINCIPAL,87870E07-DF2A-8D05-345E-4548AD2906BD,sshd,ta1-trace-2
1557568911.051:1166466696,87870E07-DF2A-8D05-345E-4548AD2906BD:sshd,CHANGE_PRINCIPAL,26DAD9F2-E8E8-1214-19A2-EC50E68A36DF,sshd,ta1-trace-2
1557568911.051:1166466695,EC10390E-E6A3-1253-9611-18AD3DC24809:sshd,CHANGE_PRINCIPAL,87870E07-DF2A-8D05-345E-4548AD2906BD,sshd,ta1-trace-2
1557568911.047:1166466639,EC10390E-E6A3-1253-9611-18AD3DC24809:sshd,MMAP,07E87BAE-732D-D58F-383B-111629036544,/etc/shadow,ta1-trace-2
1557568911.039:1166466583,EC10390E-E6A3-1253-9611-18AD3DC24809:sshd,MMAP,07E87BAE-732D-D58F-383B-111629036544,/etc/shadow,ta1-trace-2
1557568910.939:1166466101,EC10390E-E6A3-1253-9611-18AD3DC24809:sshd,READ,573E5010-1713-BD2C-2998-A48580BDA4D4,/etc/hosts,ta1-trace-2
1557568910.939:1166466100,EC10390E-E6A3-1253-9611-18AD3DC24809:sshd,READ,573E5010-1713-BD2C-2998-A48580BDA4D4,/etc/hosts,ta1-trace-2
1557568910.871:1166465505,CF01CB44-331D-90E1-0F72-593BA156F3A2:sshd,EXECUTE,EC10390E-E6A3-1253-9611-18AD3DC24809,sshd,ta1-trace-2
1557568910.871:1166465474,DEF8FC47-7A9A-FBED-6B2A-08B2189BECCD:sshd,FORK,CF01CB44-331D-90E1-0F72-593BA156F3A2,sshd,ta1-trace-2
1557568807.146:1166247157,FB5E529C-08A3-8001-021E-1E19DF7D750C:bash,EXECUTE,B71A634A-F076-3763-9551-C1928669F4FE,b'cat /etc/passwd',ta1-trace-2
1557568807.146:1166247151,4CEBC594-A1ED-DAB7-F1ED-C4E158FDA566:bash,FORK,FB5E529C-08A3-8001-021E-1E19DF7D750C,bash,ta1-trace-2
1557568807.026:1166244093,F0E445BA-FF0D-8E82-DB72-DC7647DF831C:sshd,EXECUTE,4CEBC594-A1ED-DAB7-F1ED-C4E158FDA566,bash,ta1-trace-2
1557568807.026:1166243979,FEF05ADA-D4BA-9047-8FCD-38CC5B4176E4:sshd,FORK,F0E445BA-FF0D-8E82-DB72-DC7647DF831C,sshd,ta1-trace-2
1557568807.022:1166243907,A44ADE20-8F15-81E5-7D06-AD0A41BE02DC:sshd,CHANGE_PRINCIPAL,FEF05ADA-D4BA-9047-8FCD-38CC5B4176E4,sshd,ta1-trace-2
1557568807.022:1166243885,08B9EB00-CAC8-FA56-2590-79FBE5398EBF:sshd,CHANGE_PRINCIPAL,A44ADE20-8F15-81E5-7D06-AD0A41BE02DC,sshd,ta1-trace-2
1557568807.022:1166243882,56557FA7-99BC-6EC4-D8FD-3E06FE9358EC:sshd,FORK,08B9EB00-CAC8-FA56-2590-79FBE5398EBF,sshd,ta1-trace-2
1557568807.022:1166243755,B0A22499-793C-C58F-6A21-3367FA6A33FC:update-motd-fsc,EXECUTE,E59E1829-7702-3542-214B-A9812E709AD3,cat,ta1-trace-2
1557568807.022:1166243753,DB14E566-75A2-EA11-F293-6C67CDF3D9F5:update-motd-fsc,FORK,B0A22499-793C-C58F-6A21-3367FA6A33FC,update-motd-fsc,ta1-trace-2
1557568807.018:1166243538,357DF2DC-711E-99C8-2666-B380F19FEC5C:98-fsck-at-rebo,EXECUTE,DB14E566-75A2-EA11-F293-6C67CDF3D9F5,update-motd-fsc,ta1-trace-2
1557568807.018:1166243516,E46520AC-8D14-5F73-D292-CFCF7B4449E4:run-parts,EXECUTE,357DF2DC-711E-99C8-2666-B380F19FEC5C,98-fsck-at-rebo,ta1-trace-2
1557568807.018:1166243515,6F6C454C-4943-923F-A079-A06CD05D3166:run-parts,FORK,E46520AC-8D14-5F73-D292-CFCF7B4449E4,run-parts,ta1-trace-2
1557568807.018:1166243466,21D921A3-6594-068A-969E-1CE946FDB7B0:update-motd-hwe,EXECUTE,4129B92F-463F-A8A6-F821-024545DFF36C,cat,ta1-trace-2
1557568807.018:1166243448,4B3AF11F-FDC0-467A-F49C-BD31CC2A0EBB:update-motd-hwe,FORK,21D921A3-6594-068A-969E-1CE946FDB7B0,update-motd-hwe,ta1-trace-2
1557568806.994:1166242083,BC77C2AB-8D3D-28B1-FEC2-90D43313A7AA:95-hwe-eol,EXECUTE,4B3AF11F-FDC0-467A-F49C-BD31CC2A0EBB,update-motd-hwe,ta1-trace-2
1557568806.994:1166242062,667E9F2A-C69E-178B-5972-EF7F4C86BF30:run-parts,EXECUTE,BC77C2AB-8D3D-28B1-FEC2-90D43313A7AA,95-hwe-eol,ta1-trace-2
1557568806.994:1166242061,6F6C454C-4943-923F-A079-A06CD05D3166:run-parts,FORK,667E9F2A-C69E-178B-5972-EF7F4C86BF30,run-parts,ta1-trace-2
1557568806.958:1166241344,83C193C7-B595-E4A1-0534-B4FAC65762D3:update-motd-upd,EXECUTE,B660E747-E5F0-B328-2A39-0983D8C55C78,cat,ta1-trace-2
1557568806.958:1166241342,4519ADD6-991C-C919-D66A-6F01A5B57558:update-motd-upd,FORK,83C193C7-B595-E4A1-0534-B4FAC65762D3,update-motd-upd,ta1-trace-2
1557568806.938:1166240291,D148E7BA-8325-FBC0-8C07-20A26CBD58D0:90-updates-avai,EXECUTE,4519ADD6-991C-C919-D66A-6F01A5B57558,update-motd-upd,ta1-trace-2
1557568806.938:1166240270,B220D56D-E08F-A245-0B10-F1809E09EFFF:run-parts,EXECUTE,D148E7BA-8325-FBC0-8C07-20A26CBD58D0,90-updates-avai,ta1-trace-2
1557568806.938:1166240269,6F6C454C-4943-923F-A079-A06CD05D3166:run-parts,FORK,B220D56D-E08F-A245-0B10-F1809E09EFFF,run-parts,ta1-trace-2
1557568806.774:1166232160,E276080E-D211-7F49-056F-5EBF83409197:env,EXECUTE,6F6C454C-4943-923F-A079-A06CD05D3166,run-parts,ta1-trace-2
1557568806.774:1166232134,A57EE98B-5B9E-4938-F7FF-E598A4A3411D:sh,EXECUTE,E276080E-D211-7F49-056F-5EBF83409197,env,ta1-trace-2
1557568806.774:1166232132,BBFB1A98-FCDB-E78F-2A56-78A7A2FE4E99:sh,FORK,A57EE98B-5B9E-4938-F7FF-E598A4A3411D,sh,ta1-trace-2
1557568806.774:1166232082,9F362759-B17B-88F5-26CF-399BEF436F32:sshd,EXECUTE,BBFB1A98-FCDB-E78F-2A56-78A7A2FE4E99,sh,ta1-trace-2
1557568806.770:1166232063,56557FA7-99BC-6EC4-D8FD-3E06FE9358EC:sshd,FORK,9F362759-B17B-88F5-26CF-399BEF436F32,sshd,ta1-trace-2
1557568806.746:1166231592,868B9EFC-CFE3-EA09-80DA-9072EB90DA49:sshd,CHANGE_PRINCIPAL,56557FA7-99BC-6EC4-D8FD-3E06FE9358EC,sshd,ta1-trace-2
1557568806.746:1166231591,898CF6A9-38B6-77A1-6E59-C3F179AA4222:sshd,CHANGE_PRINCIPAL,868B9EFC-CFE3-EA09-80DA-9072EB90DA49,sshd,ta1-trace-2
1557568806.746:1166231590,868B9EFC-CFE3-EA09-80DA-9072EB90DA49:sshd,CHANGE_PRINCIPAL,898CF6A9-38B6-77A1-6E59-C3F179AA4222,sshd,ta1-trace-2
1557568806.746:1166231589,56557FA7-99BC-6EC4-D8FD-3E06FE9358EC:sshd,CHANGE_PRINCIPAL,868B9EFC-CFE3-EA09-80DA-9072EB90DA49,sshd,ta1-trace-2
1557568806.746:1166231533,56557FA7-99BC-6EC4-D8FD-3E06FE9358EC:sshd,MMAP,07E87BAE-732D-D58F-383B-111629036544,/etc/shadow,ta1-trace-2
1557568806.734:1166231486,56557FA7-99BC-6EC4-D8FD-3E06FE9358EC:sshd,MMAP,07E87BAE-732D-D58F-383B-111629036544,/etc/shadow,ta1-trace-2
1557568806.558:1166230961,56557FA7-99BC-6EC4-D8FD-3E06FE9358EC:sshd,READ,573E5010-1713-BD2C-2998-A48580BDA4D4,/etc/hosts,ta1-trace-2
1557568806.558:1166230960,56557FA7-99BC-6EC4-D8FD-3E06FE9358EC:sshd,READ,573E5010-1713-BD2C-2998-A48580BDA4D4,/etc/hosts,ta1-trace-2
1557568806.462:1166230358,8356A7EF-6316-D5BE-F3AA-20EEF8F5A547:sshd,EXECUTE,56557FA7-99BC-6EC4-D8FD-3E06FE9358EC,sshd,ta1-trace-2
1557568806.462:1166230337,DEF8FC47-7A9A-FBED-6B2A-08B2189BECCD:sshd,FORK,8356A7EF-6316-D5BE-F3AA-20EEF8F5A547,sshd,ta1-trace-2
